Keyword/Phrase,Occurences
up aoe architects,48
reasons,31
melancholy look,8
shangrao east swap station,2
best way,3
3rd party stations,2
investments,19
brains,19
fancy hotel room,30
breathtaking view,30
bamboo-raft,3
hotel,3
face of zuixiangui liquor,19
old sugar mill,6
publishing,3
website,12
tggi,19
shangrao sanqingshan walkerhill filling station,4
timber units,48
famous scenic tourist city,3
profile,31
real estate,19
night,5
cross,19
immersive accommodation experience,2
mingshi village,2
entities,19
top 10 cities,3
stunning scenery,3
nio supercharger station,2
top 10 cities,3
stunning scenery,3
nio supercharger station,2
