内容,时间
天气渐寒&#x20;气温走低&#x20;连迪士尼都进入了雪花季&#x0A;然而&#x20;即便是夕阳西下&#x20;温度徒然走低&#x20;夜晚八点档的迪士尼城堡前妥妥的人满为患&#x0A;一场盛大的音乐烟火秀&#x20;即将登场&#x0A;坦白说&#x20;单论烟花&#x20;这里或许不是最夺目的&#x20;但是说到3D投影&#x20;配合声光电的影音效果&#x20;那这里绝对是数一数二的迪士尼大制作&#x0A;我曾经在迪士尼的酒店平台上欣赏过这里的烟花&#x20;但是距离太远&#x20;完全看不清投影带来的视觉体验&#x20;此番来到这里&#x20;身临其境&#x20;真的是有一种很亢奋的情绪&#x0A;如果有机会&#x20;建议大家都要来亲子感受一下&#x0A;TIPS&#x0A;园区里&#x20;人也是真的多&#x20;建议大家还是错峰出行&#x20;非周末&#x20;或许能有更好的娱乐体验,2021-11-29 发布点评
上海迪士尼乐园种草很久了！！再不去今年儿子要上小学了，估计就没有时间了。。和闺蜜每人带一孩，说走就走！总结一下在游玩迪士尼的心得。&#x0A;1，一定要早去。我们住的酒店有班车送到迪士尼门口。超级方便。7点15分开始排队。天上下雨，但是幸运的是到了进门开始玩的时候雨停了，一天温度15－20度左右。很适合游玩！&#x0A;2，听人劝吃饱饭，有人说带孩子最好租小推车。很明智，孩子累了推孩子，孩子不累推包包。没有没有这辆车，后果不堪设想。进门挂上孩子的名字。然后所有项目门口都可以停放。在酒店租50，迪士尼里面租90元。&#x0A;3，进门之后一定要往发动马力往飞越地平线跑。。我们跑半截看到雷鸣山漂流才等15分钟。坐了漂流，结果，飞跃地平线变成等60分钟。这一天，几乎没下过60分钟。。最后我们去的时候等75分钟。。。&#x0A;4，下载迪士尼app不仅有项目地图，还有客流等候时间。很实用！！&#x0A;5，3月份！是个好日子。据说是淡季，大型项目几乎都玩了(两个项目身高不够的)，跑得快，不停。排队时休息！孩子跟着我们很累。但是超级开心！&#x0A;6，没抢上烟花的时间，可以去旋转木马那里看，广场比较宽阔。&#x0A;总之非常值得一去！！,2021-03-29 发布点评
"上海迪士尼攻略&#x0A;酒店：推荐去上海迪士尼住性价比最好的酒店。云和夜泊酒店。上次去迪士尼是5年前住的迪士尼酒店，这个酒店是看攻略，很多人都在推送，我也是抱着试试的态度。酒店有接送机服务，提前一天打电话给酒店就会安排好。迪士尼也有班车，早晨两个时间段，建议第一个时间段出发，晚上只有9点45那一班，两辆班车，从烟花结束开始，走到班车，时间也差不多了。酒店的服务人员特别热情，帮忙拿行李，玩一天迪士尼知道行走很多路，晚上还准备了泡脚的。住酒店一般很挑剔的我，这家酒店很满意，个人觉得性价比很高。下次来迪士尼还会入住这个酒店。&#x0A;迪士尼：提前网上购买了门票和礼宾卡(990,不用时间段价格不同）。礼宾卡包括8大项目，快速游玩一次。快速入园，烟花和花车VIP预留位置，火鸡腿快速取餐。对我来说，就是看烟花值了。我在第一排。虽然仰头把烟花视频拍下来了，但脖子酸死了，那也值得。8点半的烟花，7点左右我就去排队了。买礼宾卡的人很多。游玩项目我那天去的时候，人很少，飞跃地平线普通队伍20分钟，创极速光轮10分钟。如果胆子大点，这两个项目可以刷好几遍。&#x0A;一个人旅游，怎么拍照？我找了跟拍。拍照的小女孩说话很随和，不会拍照，她会指导你，你也可以跟她沟通你想要的照片效果。我是选择两个小时跟拍480元，当天摄影师会把所有底片都发给你，重点来了，不用等着精修，因为精修不如原图或者自己简单的修一下。总体来说，迪士尼一天行走2W步。真是累并快乐的。",2021-06-08 发布点评
【趣味】上海旅游节199元迪士尼门票最后一天，飞跃地平线，极速光轮，加勒比海盗，雷鸣山漂流，巡游花车，喷气背包，灯光秀。期待二刷,2021-09-25 发布点评
口味真的不用多说了，非常好吃，相当的正宗，真的yyds,2021-11-03 发布点评
景色不错，带着家人看着美丽的风景享受着美好的时光！！,2021-11-03 发布点评
这里值得一去景色伊人是个有趣的地方性价比很高,2021-11-13 发布点评
好玩的地方，孩子非常喜欢！下次还会再来！,2021-11-22 发布点评
好玩，风景优美，拍照好看，下次还会来的,2021-11-08 发布点评
上海迪士尼乐团，这个乐团还算不错的,2021-11-26 发布点评
上海迪士尼乐团，陶醉在这个世界上！,2021-11-14 发布点评
很不错的地方，适合全家人一起去。,2021-11-20 发布点评
【景色】棒&#x0A;【趣味】棒&#x0A;【性价比】棒,2021-11-06 发布点评
超棒，无敌，灵了不得了，超美腻,2021-11-06 发布点评
去上海迪士尼乐园去玩，最好避开节假日。带小朋友家人去玩最好是入住迪士尼乐园酒店和玩具总动员酒店，从酒店快速通道入园可以提前1小时进场。,2021-10-08 发布点评
上海迪士尼乐团，非常不错，现在还有5周年的音乐，惊喜连连，音乐很好听，6月还有鸭鸭出现，鸭鸭穿着生日衣服，真好看！值得一看,2021-06-05 发布点评
上海迪士尼乐园的专属乐团，小朋友们喜欢演奏的迪士尼乐曲。,2021-12-01 发布点评
上海迪士尼乐园，是中国内地首座迪士尼主题乐园，位于中国上海市浦东新区川沙新镇，于2016年6月16日正式开园。它是中国第二个、中国内地第一个、亚洲第三个、世界第六个迪士尼主题公园。,2021-06-18 发布点评
这个太棒了，完全是我的心头好呀，给大家疯狂安利,2021-10-25 发布点评
体验感非常不错，分泌了超多多巴胺，超级快乐！,2021-09-22 发布点评
动听悦耳的音乐配上迪士尼的魔幻场景&#x20;不错哦,2021-10-21 发布点评
门票好贵哦&#x20;而且还不能带吃的进去&#x20;强制消费啊,2021-09-03 发布点评
很喜欢这里的每个卡通人物，梦幻城堡真棒,2021-09-25 发布点评
上海迪士尼乐园是亚洲最大的儿童游乐园,2021-10-06 发布点评
迪士尼乐园太棒了&#x0A;看了冰雪奇缘的表演,2021-09-03 发布点评
特别喜欢去，孩子特别喜欢去，喜欢,2021-10-30 发布点评
【景色】好&#x0A;【趣味】好&#x0A;【性价比】高,2021-10-27 发布点评
开了也好几年了，怎么人还是那么多,2021-10-17 发布点评
很喜欢，带来了欢乐，好开心嘤嘤嘤,2021-10-09 发布点评
很有特色，见识了，很有意思的。,2021-10-26 发布点评
到上海来迪士尼乐团，欣赏音乐吧,2021-10-25 发布点评
挺不错的，挺棒的呢，很棒很棒。,2021-10-18 发布点评
漂亮好玩好好好好好好好好好好好,2021-09-22 发布点评
带孩子去了一次，没觉得怎么好玩，唯一的感觉就是店大欺客，规矩太多，孩子都说再也不去了！,2021-06-16 发布点评
上海迪士尼乐团，来迪士尼世界游玩是快乐的选择，在这里听听美丽的音乐，看看漂亮的舞蹈。,2021-08-20 发布点评
适合家庭或情侣游玩，消费稍高，外面的cheesecake&#x20;factory很好吃,2021-07-02 发布点评
【景色】&#x0A;【趣味】&#x0A;【性价比】👏🏻👏🏻👏🏻👏🏻👏🏻👏🏻,2021-06-22 发布点评
尽管烈日当头，汗流浃背，但仍然无法抵挡这份热情！,2021-07-12 发布点评
家中有宝宝家庭的必打卡地！近期会去！很期待！,2021-08-01 发布点评
带着孩子一起去看看吧！这是个不错的选择👍,2021-07-08 发布点评
很不错很不错很不错很不错很不错很不错很不错,2021-07-01 发布点评
大陆唯一一家迪士尼度假区，适合和情侣一起去,2021-06-18 发布点评
小朋友们，快带上大人们来这里享受周末都乐趣,2021-06-10 发布点评
特地早下班打卡了迪斯尼7th&#x0A;6点开始玩：旋转木马—加勒比餐厅吃饭—加勒比海盗—小矮人矿车—小熊维尼—小飞侠—飞跃地平线—烟花—出门兜商店买了个维尼夹—9:30抵达停车场回家。&#x0A;我玩的都是最经典最好玩的几个项目，有时间就再去玩个“创极速光轮”就好了。如果是中午早上就去的宝宝们可以去看个剧场和城堡，城堡里是白雪公主“漫游童话时光”和加勒比海盗剧场（这个剧好看，也有位子歇歇脚休息下）&#x0A;昨天有点下雨人算很少的，还看到了超好看的烟花（烟花不是每天都有，我7次里差不多见过3次吧）so&#x20;lucky！,2021-02-02 发布点评
【景色】魅力之城魅力之城魅力之城魅力,2021-08-03 发布点评
太好玩了，大小朋友都喜欢，值得一去。,2021-07-29 发布点评
与迪士尼经典场面配合起来让人无比陶醉,2021-07-11 发布点评
举办活动的时候特别开心&#x20;非常的热闹哦,2021-08-30 发布点评
上海迪士尼乐团演出非常精彩内容丰富,2021-08-26 发布点评
这里值得去玩，景色秀丽，性价比很好,2021-07-07 发布点评
非常的喜欢，大家都应该去看看、听听,2021-06-24 发布点评
就是排队太头疼，我这地方晒的吧行,2021-07-13 发布点评
孩子们的天堂，都喜欢在这里玩。,2021-08-17 发布点评
上海迪士尼乐团景色宜人，风景优美，适合带小朋友来玩，趣味性强，有节目表演，不错的选择，玩得不亦乐乎，很开心，玩的项目也很多。,2021-04-05 发布点评
迪士尼乐团的表演就在迪士尼乐园主入口的地方，是否能够看到他们，全凭运气。无论晴天，阴天，是否下雨，他们都会出现的。乐团演奏的歌曲很棒，都是迪士尼内耳熟能详的歌曲，天气好的时候，听着音乐，看着表演，感觉一天都是好心情！愿你度过神奇的一天！,2021-02-01 发布点评
迪士尼乐园的吸引力真的非常大，园区也非常漂亮，但是拥挤的人群让人游玩体验感非常差。是中国游客太多？还是迪士尼的饥饿营销？要想玩得痛快、不用辛辛苦苦排队，只能付出高昂的费用？我不喜欢这样。吃的食物味道是真的好！虽然价格比较贵，食物的性价比还是不错的。,2021-05-10 发布点评
推荐理由：圣诞季迪士尼真的太美了！加上周日阳光明媚，气候温暖，带着爸妈来蹦迪，即使不玩很多游玩项目，拍拍照都额很满足呢！&#x0A;&#x0A;推荐项目：带着父母还是得玩一些温顺点的项目，妈妈已经是第三次来迪士尼啦，所以这次玩一些她喜欢的项目和她没玩过的项目，爸爸就负责陪同哈！&#x0A;&#x0A;小熊维尼历险记&#x0A;一进乐园就抢了这个项目的fp，和妈妈坐第一排，爸爸坐第一排，坐在蜂蜜罐上和小熊维尼去探险啦~&#x0A;&#x0A;旋转疯蜜罐&#x0A;小熊维尼出来这个项目正好人不多，赶紧排队玩一个，旋转没有晕眩的感觉，就是时间太短啦！&#x0A;&#x0A;晶彩奇航&#x0A;这个项目时间挺久的，爸爸再也不会抱怨游玩时间短啦~船的速度也很慢，很安全很平稳。&#x0A;&#x0A;小飞侠空中奇遇&#x0A;fp上抢的项目，三个人坐一排，坐上飞船，有种进入梦境的错觉，短短三分钟时间让人沉浸在童话世界中。&#x0A;&#x0A;漫游童话时光&#x0A;第一次带父母来到了城堡内，进入漫游童话时光开启白雪公主的沉浸式动画片。参观完毕还可以去小花园转转，最后在城堡内拍照留影。&#x0A;&#x0A;旋转木马&#x0A;对着父母回到了小时候，坐在木马上享受最纯真的时光。迪士尼的旋转木马颜值都很高哈！&#x0A;&#x0A;飞跃地平线&#x0A;妈妈来过两次了都没坐过飞跃地平线，因为一入园这个fp就早早发完，只能硬着头皮排队一小时，不过妈妈游玩后表示排队两小时也是值得的呢~带着父母去环游世界啦！&#x0A;&#x0A;加勒比海沉落之战&#x0A;妈妈来了两次都没机会坐上海盗船，第三次也是好不容易才坐上！因为又一次暂停关闭了！好在飞跃地平线出来的时候又开启了，不过单人通道不允许使用，只能硬着头皮继续排队，好在队伍不长，感受下马爸爸赞助的5D电影，这个项目一直是我的大爱哦~&#x0A;&#x0A;巴斯光年&#x0A;fp先前抢错了，不小心抢了雷鸣山的，其实我们想要去小矮人啦，无奈fp不能取消，只能干等着过期……当日最后一次的fp献给了巴斯光年，和爸妈一起来打枪咯！妈妈一个人坐，左手一把枪，右手一把枪，炫酷得不得了~&#x0A;&#x0A;喷气背包飞行器&#x0A;排队半小时，游玩的时候正好夜幕降临，坐在飞行器上看迪士尼的夜景真是太炫酷啦！就是风好大，游玩下来有被冷到。&#x0A;&#x0A;餐饮推荐：&#x0A;米奇好伙伴市集&#x0A;三个人点了两份套餐，味道还不错。另外还送了冰雪奇缘的冰棍，这个天气吃有点酸爽呀……&#x0A;&#x0A;摩罗街&#x0A;小镇上的粤菜馆，排队时间还可以，游玩了一整天来吃点热乎的汤汤水水很舒服哟~&#x0A;&#x0A;一天玩下来很快乐，一点也不累哟～可惜没等到米奇大街降雪就匆匆离开了……,2019-12-21 发布点评
非常值得去的乐园，没有之一，这里有最美的城堡，最棒的活动，最精彩的演出，最和蔼的工作人员，一切都是最棒的，非常值得看的烟火，巡游，演出，所有的演出都值得一看！,2021-01-02 发布点评
我们买的年卡，平均下来一个月一次，很值得去，适合学龄前的儿童，也适合大朋友，安检很重要，也很必要，我们一直带吃的进去，演职人员都会主动打招呼，吃饭，商店都是8折，小镇吃饭还有9折，就景区而言，性价比可以，年卡到期后还是会续卡！&#x0A;【景色】&#x0A;【趣味】&#x0A;【性价比】,2020-05-13 发布点评
迪士尼乐队非常棒，凡有重要活动，乐队都会出现，6.9日是鸭鸭的生日，所以鸭鸭来当乐队指挥，指挥的非常棒！鸭鸭太可爱了，穿着生日新衣服，跳来跳去，和大家一起分享生日的喜悦，愿你度过神奇的一天！！,2020-06-09 发布点评
首先，排队很累的，如果没有快速通道的票，周六日每个项目平均排队时间在1～1.5个小时，每个项目平均体验时间在2～3分钟。从时间角度上来说，个人建议，如果你不是对迪士尼文化情有独钟的话，可以有其他游乐园更好的选择。虽然排队时间很长，但是大家推荐的那些项目，玩下来还是充满刺激的，带入感也很不错。从项目体验来说，其实还是比较值得玩的。所以，选择哪日入园玩十分关键,2021-05-11 发布点评
推荐1：不可免俗”飞跃地平线“（102cm以上）&#x0A;推荐指数：★★★★☆&#x0A;一方面好玩(恐高、眩晕者谨慎选择，因为放的内容都是一样的，我觉得玩一次也够了)，另一方面排队人相对多，所以进园后就直奔那里吧。&#x0A;小编周五去的又遇雨天，所以客流量较平时肯定少很多，文中参考时间请以当天实际为准，&#x0A;&#x0A;推荐2：加勒比海盗——沉落宝藏之战&#x0A;推荐指数：★★★★★&#x0A;建议游玩次数：2次&#x0A;&#x0A;&#x0A;这也是买过季卡的同事吐血推荐，按她的说法，这是整个园区投资最大的一个游玩设施，里面所有的饰品摆件，包括裸眼3D效果，情节之丰富，场面之火爆，更胜飞跃&#x0A;&#x0A;推荐3：剧目演出之风暴来临&#x0A;推荐指数：★★★★★&#x0A;宝藏出来，时间合适可以看这个剧，关于剧目会在续集中详细讲诉。这是园区中3个剧目最推荐的一个哦。具体时间请以当日为准（app“娱乐演出”中可以查询）&#x0A;&#x0A;&#x0A;推荐4：探险家独木舟&#x0A;推荐指数：★★★☆&#x0A;这也是冒险岛里最后一个项目，就是水上划船，每人一根浆，大人小孩都有的，大小有区别。整个过程中，多看看两岸，有很多石头堆砌的动物，还会有意外发现哦，排队时间20分钟，这个时候粑粑去排“小飞象”了&#x0A;&#x0A;推荐7:太空幸会史迪奇&#x0A;推荐指数：★★★★★&#x0A;建议游玩次数：2次+&#x0A;这个挺意外的，开始不知道玩什么，原来是有实时对话的，所以每一场都不同，笑点很多的！因为人少，我们就刷了2次。,2018-07-17 发布点评
上海迪士尼乐园真的很好。里头设施很多,2021-06-13 发布点评
上海迪士尼乐团，重要场合你就能看他们，听他们的音乐，很棒，乐曲都很动听，耳熟能详，有小小世界，狮子王，冰雪奇缘，值得一听！！,2021-04-03 发布点评
酷热盛夏，能来这里绝对是珍爱了，迪士尼年卡总归要用掉的咯&#x0A;不过好在夏天增加了很多亲水项目，也算是可以缓解一下啦。这天恨不得直接泡在水里才舒服啦&#x0A;不过也有好处就是这里但冰激凌店生意超好咯，米奇造型可以有哦,2020-07-12 发布点评
上海迪士尼乐团，值得一去，最早上一场会有迪士尼朋友和乐团一起出来，很棒的演出，亲耳听到耳熟能详的音乐就这么演奏出来，很棒，音乐很好听！,2021-04-05 发布点评
非常值得圣诞季节来的地方，晚上有下雪，还有冰雕，冰雕晚上会亮灯，非常漂亮！还有点灯仪式，晚上的时候，看着雪飘下来，立马有个冬天的感觉，连门票都非常好看！,2019-12-14 发布点评
乐团非常棒，演奏的音乐都非常好听，音乐都是耳熟能详的，小朋友很喜欢，第一场还有迪士尼朋友，以前的时候还有音乐勋章颁发！值得一来,2021-05-26 发布点评
亲子好去处&#x20;但是吃的东西的确不敢恭维&#x20;不好吃！建议迪士尼本地化的餐饮更多一些&#x20;不能完全美式的口味&#x20;价格偏贵&#x20;口味太甜&#x20;的确不好吃,2021-01-31 发布点评
充满梦幻色彩的童话世界&#x20;小孩喜欢来&#x20;我也喜欢！在这里真的是一天玩不够的&#x20;建议从外地来的朋友可以考虑在这里周边住上一晚&#x20;分两天来游玩&#x20;加勒比海盗和飞跃地平线是必须打卡的&#x20;4D效果超级赞,2020-09-23 发布点评
上海迪士尼乐园位于浦东新区川沙镇黄赵路310号，于2016年6月16日正式开园，是中国内地首座迪士尼主题乐园，也是中国规模最大的现代服务业中外合作项目之一，是一座具有纯正迪士尼风格并融汇了中国风的主题乐园！,2021-02-01 发布点评
渣手机夜间拍摄模式炸渣渣，将就看看吧。&#x0A;&#x20;&#x20;&#x20;&#x20;现在迪士尼乐园里也不营业了，没办法疫情关系，其实很可惜的，因为很多都是室内项目，如果室外没必要关了。&#x0A;&#x20;&#x20;&#x20;&#x20;时隔十个月了快，怎么当初就会去呢，没经受住请客的诱惑。,2020-04-23 发布点评
上海迪士尼乐园，是上海最热门的景点排名前三的景点，这边也是当地非常火爆的亲子旅行目的地，建议可以花上一天到两天的时间来这边好好玩。,2020-05-10 发布点评
[Rainbow]【游玩攻略】&#x0A;详细地址：迪士尼乐园&#x0A;&#x0A;交通攻略：地铁11号线&#x0A;&#x0A;营业时间：9:00&#x20;~&#x20;21:00&#x0A;&#x0A;乐园环境：五颗星&#x0A;&#x0A;[Glister]体验总分：五颗星&#x0A;&#x0A;[SnowFlake]天气渐寒&#x20;气温走低&#x20;连迪士尼都进入了雪花季&#x0A;&#x0A;[Fountain]然而&#x20;即便是夕阳西下&#x20;温度徒然走低&#x20;夜晚八点档的迪士尼城堡前妥妥的人满为患&#x0A;一场盛大的音乐烟火秀&#x20;即将登场&#x0A;&#x0A;[Snowmen&amp;Snow]坦白说&#x20;单论烟花&#x20;这里或许不是最夺目的&#x20;但是说到3D投影&#x20;配合声光电的影音效果&#x20;那这里绝对是数一数二的迪士尼大制作&#x0A;&#x0A;[Skier]我曾经在迪士尼的酒店平台上欣赏过这里的烟花&#x20;但是距离太远&#x20;完全看不清投影带来的视觉体验&#x20;此番来到这里&#x20;身临其境&#x20;真的是有一种很亢奋的情绪&#x0A;&#x0A;[Drops]如果有机会&#x20;建议大家都要来亲子感受一下&#x0A;&#x0A;[Pushpin]TIPS&#x0A;园区里&#x20;人也是真的多&#x20;建议大家还是错峰出行&#x20;非周末&#x20;或许能有更好的娱乐体验&#x0A;#邂逅冬日美景&#x20;#城市的新打开方式&#x20;#沉浸式入冬&#x20;#旅行拍照技术流&#x20;#不出家门游日本,2021-11-29 发布笔记
今天的第一趟迪士尼&#x20;人好少好少好少&#x20;应该是我来过人最少的一次了&#x20;大家可以趁着现在赶紧去玩&#x20;到夏天估计人就要越来越多了&#x20;而且现在门票也特别便宜&#x20;非常划算子&#x0A;作为一个迪士尼的常客&#x20;来迪士尼玩项目是第二位拍照是第一位每次都是穿制服来&#x20;第一次穿lolita来迪士尼&#x20;是不一样的感觉&#x20;ap的小白云太可爱了&#x20;和姐妹一人一条&#x20;黑色+紫色&#x20;白丝+黑丝哈哈哈&#x20;小白云海市很适合迪士尼的&#x20;非常可爱和优雅&#x0A;&#x09;&#x0A;关于项目：&#x0A;创极速光轮&#x0A;每次来必玩的&#x20;过山车爱好者一定要玩&#x20;这次玩了三次&#x20;还是很爽的&#x20;最后我们俩都不扶把手玩了哈哈哈&#x0A;小矮人过山车&#x0A;这个不是很刺激&#x20;适合比较胆小的朋友&#x20;如果害怕太刺激的玩玩这个也是不错的&#x20;上山还会有小矮人的洞穴&#x20;很漂亮～胆子大的宝宝玩的时候可以举着双手（在日本游乐园好像很流行这样）&#x0A;花车游行&#x0A;哈哈哈我真的太爱游行了&#x20;追星的感觉这帮&#x20;抢钱&#x0A;每个宝贝都太可爱了&#x20;每次花车我感觉我就是全世界最快乐的小朋友&#x20;这不比蹦迪有意思！&#x0A;&#x09;&#x0A;关于拍照：&#x0A;1.拍照的地点有很多&#x20;城堡前&#x20;商店&#x20;旋转木马&#x20;我以前有一篇笔记写过&#x20;但找不到了&#x0A;2.建议大家穿比较可爱&#x20;或者青春的衣服去拍照&#x20;比较好看&#x0A;3.尽量选择人少的时候拍照&#x20;比如中午吃饭的时候&#x20;或者早点进入院&#x20;出片效果会比较好&#x0A;&#x09;&#x0A;最后&#x20;我爱迪士尼,2021-11-23 发布笔记
在迪士尼寻找我的快乐。&#x0A;&#x0A;和第一次去不同的是，这次可以放松的享受园内的一切，不像第一次去全程奔跑，又是做攻略，又是抢快通卡，剩下的时间就是排队了，虽然也很开心，但是累也是真的累。&#x0A;&#x0A;这次选工作日，进去不需要跑，慢悠悠的先在米奇花园拍拍照，然后晃晃悠悠到【飞跃地平线】，出来后去【加勒比海盗——沉落宝藏之战】，然后就是看演出【杰克船长之惊天特技大冒险】，中午在隔壁【巴波萨烧烤】吃饭，强烈推荐猪肋排配饭，很好吃，完全不腻。吃完饭去【探险家独木舟】自己划船，在湖中央拍照，去【爱丽丝梦游仙境】拍拍拍，上次来因为没看过动画片不知道是干嘛的，回去之后专门补了动画片，好喜欢红皇后哦。完了之后在奇想花园等着看【花车巡游】，然后各种和城堡合影，拍累了去玩具总动员坐了个【胡迪牛仔嘉年华】。有时间可以去坐【创极速光轮】，我跟鹏哥属于“老年队”的，不敢坐，在附近拍了拍照。最后等烟花啊。&#x0A;&#x0A;这次把以前没玩过的玩了一遍，把喜欢了又刷了一遍，剩下的就是拍拍拍，太欢乐了。&#x20;上海迪士尼乐团&#x20;#冲啊浪人们,2021-11-23 发布笔记
这是之前游玩过的，最近再带朋友一起游玩，里面太大了，只是逛了一半。&#x0A;&#x0A;给大家一个建议，最好在周内去游玩，周末人太多了；成人票399元&#x2F;人，儿童票少一百元。&#x0A;&#x0A;亮点特色：最好早点去，不要再10点后去游玩，早去可以多玩一些项目，建议大家提前在携程购票，比较方便出行。#旅行拍照技术流&#x20;&#x0A;&#x0A;建议最好带上水或者零食，提前看好要游玩的项目，规划好出行路线，第二天可以很快找到项目去游玩。&#x0A;#遛娃好去处,2021-11-21 发布笔记
在上海迪士尼乐园内的米奇大道上，每天都有神秘发生，神秘的表演。米奇、达菲、唐老鸭、米老鼠等等角色扮演者。在音乐中起舞，非常有激情。&#x0A;【景色】整个迪士尼乐园非常好&#x0A;【趣味】一下回到童年！&#x0A;【性价比】无与伦比！,2019-12-13 发布点评
黄金周过了，还那么多人，都排上队了。告诉大家，现在玩项目要提前预约，不然连玩的资格都没有，另外一定带好身份证。重点推荐速光轮，太棒棒哒。,2021-05-13 发布点评
迪士尼乐园，不知道为什么现在对我的诱惑已经很小很小了，以前我是个热衷去乐园和公园的人呀。可能因为穷，高昂的门票让我萌动电脑念头死在摇篮了。卡通元素还是满满的，小孩子应该会比较喜欢去哪里吧。,2020-11-12 发布点评
上海迪士尼乐团进驻上海迪士尼游乐园，己成为景区内一大亮点，米老鼠和唐老鸭对中国人来说不陌生，而且感觉非常的亲切，乐团表演非常精彩有趣，值得驻足欣赏。,2020-01-26 发布点评
上海迪士尼乐园，真的是孩子们的天堂，可不仅仅是小孩子，更加是有大孩子们会来这边，因为这边的游乐设施真的太多了，我是玩了整整一天，不亦乐乎。,2020-03-11 发布点评
我想每个季节都去一次迪士尼~又好玩又适合拍照，当然来&#x20;这里的夜景和美食也是非常吸引我的！童话世界无需真实&#x20;&#x20;也不在意现实&#x20;在迪士尼里一切皆可以！,2020-09-23 发布点评
亚洲最好玩的的乐园，上海迪士尼乐园！！里面的项目太多了！表演非常精彩！巡游很好看！！一切都是那么神奇，完美！！在这里，时间会飞去的过去！,2020-04-01 发布点评
上海迪士尼乐园的特色，就是音乐乐团，在门口可以看到，货真价实，没有假唱！不错的演出，值得一看！乐队演奏耳熟能详的歌曲！竟然还有怪兽大学的歌曲！当然，还有冰雪奇缘中的歌曲！,2020-10-31 发布点评
值得一看一去，值得一看一去，实话太好了！好玩的大多太值得一看一去，值得一看一去，实话太好了！好玩的大多太多太好了！好玩的大多太多多太好了！好玩的大多太多,2020-01-18 发布点评
带你进去米奇的世界&#x20;现在疫情香港不能去了&#x20;就来这里打卡&#x20;人真的很多&#x20;工作日去的也排着长队&#x20;但是这里的气氛不错&#x20;尤其是花车巡游的时候&#x20;服务也是井然有序的&#x20;玩的非常开心,2020-09-23 发布点评
#值得去的游乐园&#x20;#亲子游乐园&#x20;#冲啊浪人们&#x20;#小众免费打卡地推荐&#x20;最值得去的几个游乐园,2021-11-18 发布笔记
我们要开始一段近2000多公里的旅行，打算自驾川西，看看蓝色星球上的最后一片净土，有一个地方叫做稻城！我要和我最心爱的人一起去到那里！！！#我的有爱旅途&#x20;#秋天的调色盘&#x20;#冲啊浪人们&#x20;#秋天的色号&#x20;#旅行拍照技术流&#x20;稻城亚丁,2021-11-04 发布笔记
第一次去迪士尼的小白，这份2021版&#x20;最新最全&#x20;不氪金刷遍所有项目的#迪士尼&#x20;游玩攻略来了&#x20;|&#x20;吃住人均不过300#我的有爱旅途&#x20;#秋天的调色盘&#x20;#冲啊浪人们&#x20;#秋天的色号&#x20;#旅行拍照技术流,2021-11-04 发布笔记
上海迪士尼乐园，是中国内地首座迪士尼主题乐园，主要分七大主题园区：米奇大街、奇想花园、探险岛、宝藏湾、明日世界、梦幻世界、玩具总动园。整个迪士尼好玩的游乐设备四处都有，但是拍照比较好的地方主要都在北侧，分别是：米奇大街，奇想花园，梦幻世界，宝藏湾。南侧拍照比较分散，疯玩了一天也比较累不建议拍照。去了之后一定要一定要抢fp卡，可以节省很多时间，不建议夏天去，太热了，会中暑的。,2019-03-11 发布点评
小朋友一起玩的地方，环境都不错，就是门票有点贵了,2021-02-07 发布点评
万圣节去迪士尼吧！南瓜灯&#x20;反派巡游&#x20;限定南瓜周边&#x20;连漫威英雄都有洛基哈哈太欢乐了～&#x0A;.&#x0A;我买了299的迪士尼万圣午后乐游乐食票&#x0A;时间安排&amp;路线如下：&#x0A;14:30&#x20;到达民宿，坐民宿的车前往迪士尼&#x0A;15:10&#x20;入园直奔米奇大街，看花车巡游&#x0A;15:40&#x20;从左边开始逛，小飞象晶彩奇航，小飞侠胡迪牛仔嘉年华旋转蜂蜜罐，小熊维尼小矮人矿山车加勒比海盗&#x0A;一圈下来哪个排队少就玩一下，很轻松&#x0A;18:15&#x20;宝藏湾巴波萨吃晚饭&#x0A;18:45&#x20;在终点附近看反派巡游&#x0A;19:30回到城堡正面等烟花，也可以漫威再逛一圈（当天烟花8点开始）&#x0A;20:20&#x20;看完烟花，民宿安排车接回。&#x0A;.&#x0A;迪士尼5周年福利&#x0A;拿到门票第一件事就是绑门票抽奖啊jm们&#x0A;步骤我放在最后一张图&#x0A;我抽到了七个小矮人矿山车的优享卡！&#x0A;.&#x0A;&#x0A;唐老鸭和蜘蛛侠的奇奇怪怪CP&#x0A;万圣节大人也可以cos变装！本来妈妈要cos黑寡妇，但是上海这个温度骤降，黑寡妇的紧身衣里穿不了米毛衫米毛裤为了保命临时换成了毛绒绒的唐老鸭黛西。&#x0A;（晚上反派巡游唐老鸭给我疯狂飞吻）&#x0A;.&#x0A;&#x0A;带娃玩迪士尼的宗旨就是玩得随意开心。不要看网上攻略一天怒刷x个项目，带娃你永远不知道会遇到啥突发状况万一你熬夜做了满满功课，结果娃不配合这时候你分分钟被气炸心态崩了。&#x0A;&#x20;上海迪士尼乐团&#x20;&#x0A;&#x20;#上海迪士尼旅游攻略&#x20;#万圣节去哪儿过&#x20;#超好玩的主题乐园,2021-10-25 发布笔记
Trick&#x20;or&#x20;Treat&#x20;&#x20;&#x20;&#x0A;今年已经是第二次来上海迪士尼啦，上一次是新年，这次是万圣节的特别活动&#x0A;一进门就看到门口已经全换成南瓜装扮啦，特别有节日氛围，而且达菲也换成了万圣节装扮啦，可惜没有看到玲娜贝儿川沙妲己&#x0A;晚上六点半是万圣节的花车游行，音乐超high，氛围很棒～&#x0A;而且最近开放了cos服的限制，可以在园区里看到各种穿着的游客呢&#x0A;总之，迪士尼万圣节值得来体验哦～,2021-10-20 发布笔记
女宝宝、身高96cm&#x0A;&#x0A;购买了早享卡，七点半到门口直接提前一小时入园没有排队&#x0A;（今年国庆10月3日人真的很少、最热门项目排队不超40分钟）&#x0A;带娃的（比较小的宝宝）建议租一辆像我这样的推车，可坐可睡还有个小帐篷很方便，孩子特别喜欢，大人也省事&#x0A;&#x0A;人少原因估计有以下几点：&#x0A;1.北京环球影城开业分了人流&#x0A;2.3号正好是万圣节开始的前一天（4号就换装万圣节了，还有反派巡游）&#x0A;3.国庆期间普通年卡不能进&#x0A;&#x0A;国庆期间：烟花两场晚上8:00和9:15&#x0A;&#x20;巡游两场12:00和下午3:45&#x0A;&#x20;4号后夜场反派巡游6:00&#x0A;&#x0A;巴斯光年星际营救&#x0A;男孩子可能比较感兴趣，激光射击类游戏&#x0A;胡迪牛仔嘉年华&#x0A;西部小马车很欢快（这个项目排队人较少，早上玩了一遍晚上玩了一遍）目前最爱项目没有之一&#x0A;弹簧狗团团转&#x0A;宝宝版过山车，不惊险不刺激，孩子超喜欢&#x0A;小熊维尼历险记&#x0A;以故事的形式坐着蜂蜜罐开始寻找蜂蜜的冒险旅程&#x0A;旋转蜂蜜罐&#x0A;越简单越照孩子喜欢，不停旋转&#x0A;&#x0A;10:00-11:00迪士尼取景拍摄（给宝宝约摄影师跟拍）&#x0A;11:10-13:00花车巡游午休吃饭宝宝补觉&#x0A;&#x0A;下午项目&#x0A;加勒比海盗&#x0A;场景真的太棒了，我们可能胆子比较大两岁半宝宝玩完全没有负担&#x0A;漫游童话时光&#x0A;里面是讲白雪公主的故事，需要爬楼，还是需要不少体力&#x0A;晶彩奇航&#x0A;这个傍晚的时间玩不错，灯光效果都出来了，坐船游览&#x0A;小飞侠天空奇遇记&#x0A;也是一篇小故事，这个也超适合宝宝，掉着的小飞船在场景里穿梭身临其境的感觉&#x0A;&#x0A;漫威英雄总部、小飞象、旋转木马&#x0A;&#x0A;期间二刷了不少宝宝喜欢的小项目&#x0A;&#x0A;看了表演和两场巡游还有烟花秀&#x0A;&#x0A;所以我们的两岁半的宝宝刷的项目还是非常可观的，圆满结束！&#x20;#上海迪士尼旅游攻略,2021-10-18 发布笔记
国庆节后的周日去的，我们提前10天买的早鸟票十分优惠，订的迪士尼附近的民宿，早上吃了早餐后民宿有车接送到迪士尼乐园&#x0A;建议不要带包，可以走无包通道，节约的时间可以比别人多玩一个飞越地平线&#x0A;拿到票后立马在迪士尼app上领预约排队等候卡，然后先去玩飞越地平线（这个项目全天排队1-2小时）建议先解决&#x0A;推荐项目，飞越地平线-加勒比海盗-7个小矮人矿山车-创极速光轮-抱抱龙冲天赛车&#x0A;Tip:有银联钻石卡（如广发），可提前3天免费预约烟花vip座席观看,2021-10-16 发布笔记
刚刚看到有人说想要玩刺激的项目或者男生没有女朋友不要去迪士尼，我对此一点也不赞同。只要有一颗保持童真的心，谁都是迪士尼的王子公主，欢迎随时随地回家。&#x0A;-&#x0A;在这里有我们从小看到大的卡通人物，在这里有让人热血沸腾的花车表演，当花车表演背景音乐快乐无比响起的刹那真的热泪盈眶的感觉，来了上海迪士尼四次每一次看花车游行都感觉像是去见老朋友！&#x0A;-&#x0A;一些小建议：&#x0A;12:30的花车巡演千万记得看！演员们载歌载舞，各种卡通IP也会出现，花车很华丽！去看一次绝对会值回票价！10月份晚上还会有反派人物的花车游行！&#x0A;-&#x0A;大爆的项目飞跃地平线上午就去排！到了下午排队人会很多！4D的视觉效果，不用的场景会搭配不同的香气哦！视觉和味觉双重享受！&#x0A;-&#x0A;加勒比海盗：值得二刷！也是视觉效果做得特别好！关键是这个游戏项目可以同时容纳多人，排队很快！去玩一天我玩了两次这个！&#x0A;-&#x0A;喜欢刺激项目的朋友记得玩创极速光轮，玩的时候总担心会被甩出去！其实不会啦！爱挑战的冲！&#x0A;-&#x0A;家里有小女孩的家长带她去看冰雪奇缘啊～演员们载歌载舞氛围很好～演出的时候还会有人造雪的环节，很浪漫哦～&#x0A;-&#x0A;比较梦幻的项目当属小飞侠和晶彩迷航！简直来到了一个小朋友的神秘梦境中一般，沉浸式体验！&#x0A;-&#x0A;巴斯光年，如果别的项目都排队到炸裂再来玩吧！比较低龄，激光打枪很没意思。&#x0A;-&#x0A;喜欢星黛露的宝贝们不用担心买不到了，目前抢手第一名的是小狐狸。我们露露虽然是永远的女明星但是在商店里不过有黄牛垄断了哦～&#x20;#旅行家派对,2021-10-13 发布笔记
&#x20;#中秋国庆出游打卡&#x20;&#x20;#旅行家派对&#x20;#旅行拍照技术流&#x20;每年万圣节的迪士尼都是越接近万圣节本日子人气越旺，我们就是去年z有气氛那几天去的，人也是比较多，既要拍照又要刷项目还要购物，当时找了导游带着玩，没按常规攻略走，上午12点前全部项目刷完（除了一些很儿童的项目没去），下午一直就是拍照、购物、吃饭直到晚上烟花，现在分享一下独家秘笈&#x0A;┇万圣节时间：现在-11月7日&#x0A;┇入园前准备&#x0A;购票选好时间，平日和周末人流差很多，接近万圣节本日那几天人流至少double，我们是万圣节那一周周五去的（25号后去基本人会多）&#x0A;买早享卡：一天3000张，159元，提前一小时入园（周末和25号后推荐），排队要所有人一起排队，如果有同伴外面买早餐的回来会发现根本挤不进去队伍了&#x0A;提早开放项目【飞越地平线】【巴斯光年星级营救】【小飞侠天空奇遇】【七个小矮人矿山车】【创极速光轮】【小熊维尼历险记】【加勒比海盗】【抱抱龙冲天赛车】【胡迪牛仔嘉年华】&#x0A;预约码：购票后一定要去官方预约入园时间，预约会有v码，可以截图，早享卡不可截图&#x0A;预约等候卡：还是官方app，找“预约等候卡”但是每天情况不一样，要根据当日调整&#x0A;【雷鸣山漂流】【小飞侠天空奇遇】【七个小矮人矿山车】【创极速光轮】【米奇妙游童话书】&#x0A;每个项目预约后都会有预约时间，要在那个区间去&#x0A;旺季特定时间没有预约等候卡不能玩项目要看下官方app（我去的时候12-17点没预约创极速光轮、七个小矮人、小熊维尼、小飞侠都不能玩）&#x0A;万圣狂欢夜与迪士尼反派见面也要在指定时间指定地点领预约卡不然见不到&#x0A;预约等候卡付费：就是“迪士尼尊享卡”，可以单个景点买，也可以买组合套餐。价格也是根据平日周末节假日而不同，比如单个景点根据不同日子大概是100&#x20;120&#x20;150&#x20;180几个价格，而全部可付费的有12个景点，套餐便宜不少，景点套餐包含8个项目，豪华是12个&#x20;项目，根据自己需要。尊享卡的快票使用时间会宽限很多&#x0A;经典套票：【飞越地平线】【雷鸣山漂流】【巴斯光年星级营救】【小飞侠天空奇遇】【七个小矮人矿山车】【创极速光轮】【晶彩奇航】【加勒比海盗】&#x0A;豪华套票：除了以上还有【抱抱龙冲天赛车】【胡迪牛仔嘉年华】【小熊维尼历险记】【古迹探索营的绳索挑战道】&#x0A;┇刷项目正确方式&#x0A;7:00&#x20;到达园区等候入园&#x0A;8:00&#x20;早享卡入园&#x0A;矿山小矮人—&amp;gt;小熊维尼历险记—&amp;gt;小飞侠天空奇遇—&amp;gt;抱抱龙冲天赛车—&amp;gt;胡迪牛仔嘉年华—&amp;gt;创极速光轮—&amp;gt;加勒比海盗（坐上第一排）—&amp;gt;飞跃地平线—&amp;gt;冰雪奇缘—&amp;gt;米奇巡游—&amp;gt;巴斯光年&#x0A;飞跃地平线很多攻略都说第一个去，所以都奔着这个，先去至少排一小时&#x0A;这些主要项目除了飞跃地平线，基本排队0分钟或者不超过20分钟，飞跃地平线玩的时候快中午了人不少，额外买了单项快票，妥妥12点前都刷完&#x0A;选择单人通道也可以节省时间&#x0A;.&#x0A;上海迪士尼|迪士尼乐园|万圣节|上海旅行|上海迪士尼攻略|上海迪士尼拍照|,2021-10-11 发布笔记
#打卡全球迪士尼&#x20;#中秋国庆出游打卡&#x20;&#x20;#超好玩的主题乐园&#x0A;【行程攻略】&#x0A;行程安排：早上九点半左右到达迪斯尼，如果人多的话可能在门口要排二小时的队，人少的话差不多十分钟左右就能进了吧！建议大家避开高峰时间，如果时间安排的合理的话，那样基本上一天可以刷7、8个项目和一个演出还可以看到花车巡回演出。&#x0A;交通攻略：建议乘坐11号线或自驾去迪斯尼。迪斯尼有很多个停车场，而且收费不一致，差距还是很大的。&#x0A;1、迪斯尼小镇停车场：首小时25元&#x2F;时，第二小时开始12.5元&#x2F;时，最高200元&#x2F;次&#x2F;天&#x0A;2、迪斯尼停车场：7：00-11：30进入100元&#x2F;次&#x2F;车、11：30-20：00进入50元&#x2F;次&#x2F;车、20：00以后进入10元&#x2F;次&#x2F;车&#x0A;PS：要注意同一天车辆出去进入后将重新计算。&#x0A;3、P5、P6停车场：60元&#x2F;次&#x2F;车（车辆每次入场重新计算）&#x0A;4、P1～P4停车场：10元&#x2F;时&#x2F;车，最高80&#x2F;车&#x2F;天&#x0A;小Tips：自驾如果需要停一天还是停P5、P6比较还算，要是只停1、2小时，建议停在P1～P4&#x0A;行程亮点：童话氛围，感觉自己就是小公主&#x0A;最推荐：迪斯尼灯光秀，简直太好看了、太梦幻了，不会你后悔等待那么久的时间。如果想要看到无遮挡美丽的烟花和灯光秀，那么就需要六点半开始在大花坛门口找合适的位置坐下啦！&#x0A;人均消费：500元&#x2F;人,2021-09-29 发布笔记
看了非常多的迪士尼攻略，本南方人终于在冻僵的12月初来上海体验了，算是迪士尼淡季，也是能不排队的主要原因。关于如何半天刷完我感兴趣的热门项目，&#x0A;选择淡季出行，至少据我所知11月至12月初这段时间人较少；&#x0A;购买早享票（一定要买！），早享票可以在微信公众号购买，可以提前一小时也就是8点左右如园，正常游客是9点起入园；&#x0A;机智抢fp、合理安排时间，下载迪士尼官方app，进园后扫描门票二维码可以和同行的伙伴关联游玩组抢项目的快速通行证，快到时间再到项目可以快速通关不需要排长队。&#x0A;讲讲关于我的这次行程吧，首先我觉得我选的这个时机游玩真的非常舒服，一入园抢完10点的飞跃地平线fp后，就去创极速光轮了，完全0排队直接开始玩，这个真的蛮好玩的很刺激，感官也很酷炫。&#x0A;玩完之后我们就四处溜达到城堡附近拍照也是空无一人的状态，拍出来的照片很干净没有人。&#x0A;飞跃地平线真的很值得去玩，我觉得非常震撼做得非常好，全程都发出惊叹声。&#x0A;之后我们都没有抢任何fp，七个小矮人矿山车也是直接玩，这个项目就比较平和，小朋友也可以玩。&#x0A;排队比较久的可能是找玩偶们拍照吧，比较遗憾的是没有找我喜欢的达菲、鸭鸭、奇奇蒂蒂拍照，想去的时候已经不让排队了。但是找公主拍照的时候正好是灰姑娘！还蛮开心的。&#x0A;下午就是佛系玩法，拍拍照，看花车表演，玩维尼熊的探险记等等。&#x0A;我们去的时候正好碰上了晚上有人工降雪，真的超级美。&#x0A;一些注意事项&#x0A;迪士尼可以带水和吃的进去了，可以带些，园区的食物都很贵，中午可以到园区门口的迪士尼小镇吃饭，选择很多也不贵；&#x0A;要带上充电宝，一定会没电的；&#x0A;手机支架不可以带进去，我们本来想带但是被拦下了；&#x0A;凭票可以无数次进出园区的；&#x0A;烟火表演非常好看，很值得，虽然在这个季节的上海真的很冻，一定要看！&#x0A;城堡不一定要在正面拍照，在面对城堡右侧的小路上拍照更好看；上海迪士尼乐团,2021-09-23 发布笔记
非常好的一处游乐场所，什么都好，就是太贵了，大多数孩子去不起,2021-03-01 发布点评
中国大陆唯一一家迪斯尼乐园。吸引着众多游客。黄昏的花车巡游和晚上的烟火是特色。,2021-02-03 发布点评
梦幻感在这里都得到了实现！！喜欢这里,2021-04-29 发布点评
第一次到上海迪斯尼如何玩遍所有项目，最新宝藏攻略来啦！&#x20;#迪士尼乐园,2021-11-17 发布笔记
奇怪，老外搞的游乐场总是能吸引这么多的人流。,2021-03-05 发布点评
陪着可爱的宝贝疯玩了一整天，感觉没有逛够！,2021-01-16 发布点评
年卡需要经常来打卡，百玩不厌的地方。,2021-01-24 发布点评
上海迪士尼乐团非常不错，表演认真。,2021-03-18 发布点评
配合迪士尼的场景，演奏一些迪士尼的经典音乐!天籁之音啊,2021-03-04 发布点评
上海迪士尼乐团这里有很多演出和表演，都很精彩，非常不错,2020-12-15 发布点评
不用出国就能玩到这么多，开心开心,2021-04-21 发布点评
哈哈哈哈哈太喜欢迪士尼了啊太赞了,2021-04-15 发布点评
上海迪士尼乐园表演节目真的很精彩,2021-04-15 发布点评
上海迪士尼乐团演奏，才艺展示丰富多彩，可以去看看的！,2021-01-06 发布点评
可以满足大人小孩的公主梦，非常好玩，非常童话的地方,2020-12-25 发布点评
交通便利，景色宜人，环境优美，性价比高，非常满意,2021-03-07 发布点评
喜欢带家人去渡假，在那里可以得到真正的休息,2021-05-23 发布点评
一个很有名气的乐团，非常适合孩子们超级喜欢,2021-03-04 发布点评
主题公园里的特色乐团，很喜欢，一定会看看！,2021-02-27 发布点评
感觉超好，孩子们非常喜欢😘！！&#x0A;【趣味】,2021-05-31 发布点评
上海迪士尼乐团每天会在米奇大街不定时演出,2021-02-22 发布点评
这里的环境非常好，童话般的世界，太美了！,2021-01-10 发布点评
迪斯尼的音乐响起来，宝贝们的笑声最可爱！,2020-12-23 发布点评
美丽的大中国，美丽的大上海，美丽的魔都,2021-03-17 发布点评
毕竟是要和最喜欢的人一起去的地方之一呀,2021-02-20 发布点评
这里景色伊人是个有趣的地方性价比很高,2021-03-12 发布点评
超级好玩又有趣，老少皆宜玩不够→_→,2021-02-06 发布点评
美国加利福尼亚州橙县的迪士尼乐园一样,2020-12-31 发布点评
这贵的我啊，烧钱的地方，很累很快乐,2021-05-19 发布点评
我就是迪士尼的演职人员！里面每个角落都留下过我的身影！,2020-05-25 发布点评
世界一流的游乐场，很有必要一游。,2021-02-17 发布点评
和朋友一起去的，玩的很开心～～～,2021-01-13 发布点评
游乐游玩的好地方，感觉非常不错的,2021-01-02 发布点评
上海迪士尼乐团的演出非常有趣味,2021-01-10 发布点评
很不错，适合去看看听听走走。。,2020-12-28 发布点评
这个乐园真的像梦幻般的童话般一样，来到这里仿佛自己都回到了童年的时代，小朋友更是难以拒绝的描述朋友呀，各种卡通人物都会在这里出现。,2020-08-03 发布点评
带着孩子来迪士尼过一个欢乐不恐怖的万圣节吧~&#x0A;万圣节的迪士尼夜晚太欢乐啦！&#x0A;00:05&#x20;万圣节反派巡游&#x0A;00:24&#x20;5周年烟花秀&#x0A;好喜欢反派巡游的BGM，中文版的it&#39;s&#x20;halloween太带感啦，可惜找不到清晰版本。&#x0A;.&#x0A;索尼A7C+&#x20;40&#x20;2.5G&#x0A;新入的饼干镜头夜间拍摄还挺不错的，视频基本都是直出。,2021-10-26 发布笔记
#网红打卡地&#x20;#遛娃好去处&#x20;#城市人文手记&#x20;国内亲子游必去的6个地方，你们去过几个？,2021-10-23 发布笔记
&#x20;没有人&#x20;没有人没有人&#x20;哈哈哈真的太爽啦&#x20;来到上海迪士尼是我最期待的而且现在真的不排队&#x20;一张普通门票体验高级别的待遇&#x20;这份迪士尼攻略请收好&#x20;进入景区我是逆时针刷项目&#x20;转圈圈的雷鸣谷漂流这个项目必须得穿雨衣哦而且真的转的我晕头转向爱的魔力转圈圈，&#x20;飞跃地平线真的是好多人推荐我的一个项目&#x20;当你双脚踩在珠穆玛拉峰上，俯瞰林海雪原那种感觉是你从来没有过的&#x20;往前面一走进入加勒比海盗场景让我瞬间跟杰克船长一起作战电影里面的画面浮现眼前但是在结束之前我被卡在这里了不知道是什么狗屎机器坏掉了我被卡在这里大约15分钟最后从虚拟世界马上打入现实体验感瞬间没有了，还好我遇上了七个小矮人当不了在逃公主就当过王子吧&#x20;惊险又刺激还有小矮人跟你互动真的把我童真都换出来了，玩具总动员主题虽然不大但是都很精致&#x20;抱抱龙全程我都没有睁眼睛始终感觉太刺激了，弹簧狗小马车一定要体验反正不排队时间多的是&#x0A;明日世界的极速光轮这个项目我竟然刷了五遍每次进去五分钟真的太香了&#x20;感觉是我坐过起速超快超炫的过山车&#x20;人在前面走魂在后面追&#x20;童话世界里在逃公主的粉色城堡都向往着精致优雅的生活&#x0A;想在塞纳河边的散步，香榭里舍林荫下的低徊但是我等不到晚上的烟花表演了&#x20;&#x0A;白雪公主的话剧真的是看不来但是可以坐下休息一下最后的来滴go高潮部分很棒米老鼠的花车巡游瞬间嗨起来&#x0A;我们每一个人，都希望自己是爱情里的王子和城堡里的公主如果快乐有形状，那一定是&#x20;城堡&#x20;米老鼠&#x20;杰克小飞象那些童年的幻想哦对了还有金刚葫芦娃#安利这家宝藏餐厅&#x20;#超好玩的主题乐园&#x20;#撒野上镜有奖征集,2021-10-09 发布笔记
非常点缀气氛，具有感染力的队伍。成人孩子跟着队伍边喊边笑，熟悉的节奏响起，银幕中的角色出现的你的身边。一切都愉快而美好。,2020-05-20 发布点评
八月底，我们一家三口去的。在携程买了门票，入住酒店时，前台有一个迪士尼专车咨询台，因为排队时间长，怕影响游玩，每人➕了1000块钱，买的速通。第二天四点半起床，五点出发，不到六点到那，队伍已经很长了，但有优先入园的特权，七点半就开始体验项目了。孩子玩了一个泡泡龙，类似U型滑板海盗船，很刺激，我跟孩子爸在下面看包加勒比海盗船不错，七个小矮人矿车比较刺激，但很安全，大人孩子都可以体验，极速光轮是速度致胜，超快。我们一天玩了七个项目。在里面买了一个199拍照项目，第一次去，没看时间，错过了与米奇米妮拍照时间，就拍了两个外景照片，工作人员很热情，一个场景给出了四十多张照片中午去园外吃的，比较划算，园区内用餐太奢侈了，价位太高，外面我们三人一人一份套餐，一共不到200，相对来说很合适了。晚上九点烟花，值得一看，因为孩子困了，我们没有占到好位置，据说要六点就去找位置。烟花进行了一半我们就赶快出园了，怕烟花结束，都是人堆，挤不出来。总体来说体验不错，就是排队，一定要有耐心，有的项目需要180分钟，可以提前下载个电影看，里面有提供免费WIFI。,2019-09-06 发布点评
昨日带孩子游玩《迪士尼乐园》，补图mark下：古迹探索营，漫游童话时光，爱丽丝梦游仙境，疯帽子茶话会，米奇俱乐部，漫威英雄总部，米奇童话专列表演，小飞象，太空幸会史迪奇…热门的飞跃地平线等，快速通道票没领到，排队时间太长没去，稍有遗憾！以后最好选择非周末去，人少点可玩多点项目[偷笑][呲牙],2019-07-20 发布点评
娱乐性强，景色宜人&#x20;值得带小朋友来,2020-11-10 发布点评
一个充满神奇的地方，充满无数神奇！神奇的照片，神奇的时刻，最爱迪士尼大游行，快乐无边的音乐响起，就觉得真得是快乐无边！演职人员都很投入演出，好看的小矮人，长发公主，艾莎和安娜公主！非常好看,2019-10-10 发布点评
「上海迪士尼」全攻略&#x0A;&#x0A;做好准备随时出发-【准备篇】&#x0A;必备：身份证、口罩、手机、充电宝&#x0A;可选：雨衣、零食（面包、糖果、饼干、水等）&#x0A;▲tips：无包可从无包通道快速通行，建议能不带包就不带，或者带一个小布包，进去时把布包揣兜里，其他东西用手拿着走无包通道。&#x0A;通关密码-【门票篇】&#x0A;购买渠道——&#x0A;迪士尼度假区APP&#x0A;上海迪士尼度假区小程序&#x0A;各类旅游APP&#x0A;某宝&#x0A;选好日期对比价格。&#x0A;夏日游园会-【项目篇】&#x0A;飞跃地平线&#x0A;如同在热气球上环游世界，座椅原地升空跟随5D影像身临其境。山林混合青草香，巨龙在脚下穿行。&#x0A;如果喜欢自然，想在万物中穿梭飞行，一定不能错过这趟旅程～&#x0A;创·极速光轮&#x0A;刺激度4星，模拟机车在轨道上疾驰，上演机车版速度与激情。全程在圈数倒数的背景音中向前飞速而过，弯道离心感很重，喜欢刺激项目的朋友可以一试！&#x0A;加勒比海盗&#x0A;排排坐在海盗船中漂流于“海”上，四周影像和置景如同置身宝藏藏身处，还有深水炸弹不经意“炸裂”在船边，巨浪滔天也不要害怕（因为是假的），途中记得随时做好躲雨姿势，但雨势较小（有时间就几滴甚至没有），你也可以淡定拥抱从天而降的“宝藏”哦～&#x0A;不愿再提-【避雷篇】&#x0A;雷鸣山漂流&#x0A;如果觉得自己在转了几十圈后还能忍住不吐的话，可以去尝试一下。在迪斯尼app上这个项目的惊险程度那栏写的是【刺激、急速降落、黑暗、高音量】，怎么说，这些词里只有“高音量”是真实存在的，身边的人比项目本身更可怕系列。个人认为这个项目就是有水版的【旋转蜂蜜罐】。全程玩好后脑子里只有八个字：真的很晕、自找苦吃。&#x0A;注意：去玩这个项目记得提前带雨衣，没带雨衣的话要现场买，且只收现金。&#x0A;（游戏的体验感都是主观感受，还需朋友们自行抉择哦！）,2021-07-13 发布笔记
“全世界都在催你长大，只有迪士尼守着你内心的童话”话不多献上我之前游玩的迪士尼最全攻略&#x0A;建议住宿：迪士尼酒店涨价了如果是学生党不是很推荐哦~可以定一下附近的民宿或者酒店&#x0A;建议时间：避开寒暑假，周六日。假期票是499，平日票370。建议买早享卡99元，提前一小时进园可以玩好几个热门项目啦~&#x0A;事前准备：入园必须要身份证，头饰可以自己提前tb买好背包里带进去，一次性雨衣跟鞋套（漂流用），穿运动鞋&#x0A;游玩顺序时间：6:20坐早班车到停车场，快速走过桥，四个口排队7：00进第一道门，安检搜包，这里提一下搜包不搜身，可以自己带点巧克力小零食在口袋，建议一个人带一瓶水。不准带自拍杆(7：30的时候就可以在app领取飞跃地平线的fp做好准备)&#x0A;接着开第二道门，刷身份证，进园，扫完门票就冲！使劲冲！往右跑，玩可以用fp的大项目飞跃地平线&#x0A;4D效果超震撼，要二刷！这个时候就可以抢七个小矮人的&#x0A;fp了&#x0A;雷鸣山漂流&#x0A;坐旁边会比较容易湿身，备好的一次性雨衣跟鞋套就用到啦&#x0A;加勒比海盗&#x0A;视觉效果满分，感觉也挺震撼的七个小矮人&#x0A;挺刺激的项目，有急速坠落，拐弯等等，这个时候领创极速光轮fp&#x0A;创极速光轮&#x0A;上海迪士尼最刺激的王牌项目，值得二刷。领小飞侠fp。12:00花车巡游，吃点午饭。抢小熊维尼fp小飞侠&#x0A;很适合小朋友玩的项目，很梦幻&#x0A;旋转蜂蜜罐，小熊维尼，百亩森林跟维尼合照~&#x0A;维尼迷必刷，维尼历险记还是挺有趣的也很适合小朋友。&#x0A;旋转木马&#x0A;每次去游乐园我都要玩旋转木马~同时抢创极速光轮fp米奇大街购物，米奇俱乐部，漫威英雄总部拍照，创极速二刷&#x0A;15：45冰雪奇缘演出&#x0A;16：20巴斯光年星际营救&#x0A;17：00风暴来临-杰克船长演出&#x0A;18:00二刷飞跃地平线，吃晚饭，拍拍照~&#x0A;19:00占位看烟花，正中间比较不挡视线。&#x0A;20：00-20：20烟花演出。&#x0A;一天下来玩了不少必刷项目也打卡拍照了，真的很累但是也无敌开心～,2021-06-29 发布笔记
经常带娃出游，谁还没翻车过但就算翻车了，在娃心里去&#x20;上海迪士尼乐团&#x20;也是非常美好的！因为有爱莎啊～&#x0A;———&#x0A;&#x09;&#x0A;翻车第项：&#x0A;入园晚，领不到预约等候卡，热门项目都没玩到！&#x0A;橙子爸爸前一天工作原因我们住虹桥天地，去迪士尼跨座城，到那队伍已经排很长，那天6.24是个常规日，入园都已经中午！各个项目都排长队！有的排2小时！&#x0A;真诚建议：&#x0A;①暑期高峰，人流量可想而知！提前一晚住乐园附近！住酒店要提前定！附近民宿也有班车7点多送去乐园，入园时间是8：30。&#x0A;②下载迪士尼度假APP，入园早先关联门票领预约等候卡，APP上面有告诉你怎么用的，可以让你更合理安排行程！&#x0A;——&#x0A;&#x0A;翻车第项：&#x0A;没带任何干粮，买个热狗都得排长队，想去吃大餐没位置！&#x0A;想着去玩，贵就贵点，但没想到最让人崩溃的是饿着肚子顶着大太阳排队买小吃！午饭想去吃皇家大餐发现是要提前预订，旺季直接去肯定都没位置！吃的快餐，一份饭一杯饮料套餐，价格100左右！&#x0A;真诚建议：&#x0A;①备点食物，一天在里面消耗挺大，难免想吃零食。面包，饼干，饭团，巧克力糖果这些是可以带进乐园的需二次加热，有刺激性气味的食品，含酒精饮品，玻璃器皿食品都是止带入乐园的&#x0A;②未开封矿泉水是可以入园的，喝完瓶子别扔，迪士尼乐园里很多直饮水供应点，都免费的哦！不比里面10元一瓶的水香吗？！&#x0A;——&#x0A;&#x0A;翻车第项：&#x0A;天气预报阴天，结果狂晒，爸爸没涂防晒黑了好几个度！&#x0A;出发正好收到给娃的戴可思防晒霜，顺手放行李箱，当天娃就全副武装了，可忘带大人防晒，想着阴天懒得涂了，结果狂晒娃爸说自己都晒出斑，一直被吐槽跟爸爸一样黑的橙子姐姐，这天下来可算比爸爸白多了！算是试出戴可思的防晒效果了！&#x0A;真诚建议：&#x0A;防晒要做好！看城堡前的表演，巡游等很多时候都在晒！身上抹起来，别小瞧了紫外线！给娃也选择物理防晒霜更安全！遮阳帽，防蚊水都可以备起来！6.24日起的城堡前的夏日表演站的靠前会全身湿透，可自带简单轻薄雨衣！&#x0A;——&#x0A;&#x0A;附上几点须知：&#x0A;可租推车，租带棚的车还能睡觉！&#x0A;入园领地图，游走不盲目！&#x0A;表演时间迪士尼度假APP上都有！&#x0A;排项目前先确认娃有没有尿！&#x0A;&#x20;迪士尼小镇&#x20;也有挺多吃的喝的！,2021-06-28 发布笔记
迪士尼零攻略玩耍｜回家真的好累6.22去了上海迪士尼&#x20;我和我姐妹真的零攻略&#x20;12点才到迪士尼门口&#x20;真的运气太好了&#x20;碰到了一个摄影小哥哥帮我们拍了好多好看的照片&#x20;而且那天人真的不算多了但真的还是累哭了&#x20;可以还是很开心！！！&#x0A;城堡必打卡&#x20;和姐妹男盆友一起拍&#x20;秒变背景图！！&#x0A;&#x20;街景拍照也好好看&#x20;姐妹们可以按照我这个场景去拍&#x20;真的很好看！&#x0A;迪士尼的气球我真的觉得买了没啥用&#x20;厚着脸皮蹭拍[Yeah][Yeah]太可爱了&#x20;姐妹们冲&#x0A;超爱星黛露&#x20;买不了大的就抱着留念吧&#x20;当作拥有过了&#x0A;旋转木马拍拍拍！&#x20;用手机开闪光灯拍也很好看&#x0A;提醒下姐妹们真的做好防晒&#x20;不然真的要被晒伤&#x20;非常热&#x20;我疯狂跑商店&#x20;记得穿一双舒服点的鞋子不然真的要累瘫了我一到酒店就瘫着动不了了&#x20;姐妹们小裙子穿起来都回家了没什么好害羞的&#x20;拍照很好看！&#x0A;#上海迪士尼&#x0A;#迪士尼公主,2021-06-25 发布笔记
一日游，为了孩子，项目一般般的,2021-02-18 发布点评
配合迪士尼的气氛，演奏出一首又一首迪士尼的经典歌曲，余音环绕，好听,2020-11-07 发布点评
一般一般一般一般一般一般一般一般一般一般一般,2021-10-25 发布点评
和&#x20;朋友一起买了个半日票去玩&#x20;从她的评论看到很多朋友非常喜欢烟火的照片&#x20;决定拿出来单独分享这些。&#x0A;使用的是Sony&#x20;A7M3&#x20;镜头配的适马24-70&#x20;art镜&#x0A;拍摄位置大概是在旋转木马附近的广场（没在桥上）找到正面即可&#x20;人实在太多了&#x20;我们去的时候有人陆陆续续离开才勉强挤进去拍摄。当然是不可以带脚架进去拍摄的&#x20;需要铁手&#x20;和&#x20;手臂足够长！&#x20;全程拍摄下来十分钟的样子&#x20;参数是RAW&#x20;快门1&#x2F;20&#x20;ISO100&#x20;光圈F2.8&#x20;70mm焦段（开启a7自带的APSC模式&#x20;等效105，如果是24-105的朋友&#x20;可以直接105端&#x20;开防抖&#x20;慢门拍&#x20;虽然F4&#x20;拉高一点iso也应该完全ok）&#x0A;然后最重要的是后期部分&#x20;我选择用的LR&#x20;比较极端的高光-100&#x20;阴影+100！相信索尼的高感就对了！然后还有一个极端的就是清晰度拉到了100。锐化106&#x20;和&#x20;噪点消除30&#x20;曝光拉到1.0&#x20;其他的参数&#x20;颜色&#x20;曲线就根据自己的环境和相机镜头配置决定&#x20;调色是主观的&#x20;没有谁对谁错的参数&#x20;好看就行。&#x0A;最后祝大家迪士尼玩得开心&#x20;拍到好的照片！,2021-06-25 发布笔记
今天又是带着崽崽去上海迪士尼的一天&#x0A;因为办了年卡&#x0A;心情不好&#x20;就跑去溜达一圈&#x0A;依旧是佛系玩家&#x0A;走着看&#x20;哪个排队人少就去排&#x0A;人多就拍拍拍&#x0A;最近暑假开始啦&#x0A;小公主小王子们都回家了&#x0A;人有点多～&#x0A;想去园区的朋友们&#x20;一定要做好心理准备哦,2021-06-25 发布笔记
上海迪斯尼、每个人都有一个童话梦，迪士尼完全符合了我对童话的期待，对童年的回忆。在亚洲日本和香港有两家迪斯尼我都玩遍啦，上海迪斯尼在家门口建的真是方便尤其疫情出不去的时候，能在家门口玩到哪是多幸福的事，真的非常非常的激动！！让我们来一次说走就走的旅行,2021-06-25 发布笔记
每个女孩心中都有一个公主梦&#x0A;上海迪士尼之旅～～&#x0A;被童话世界征服的时光～～&#x0A;那沉睡己久，被埋没的少女心&#x0A;又一次的“爆棚”～～&#x0A;&#x0A;门票：建议某宝购买，学生建议在某东买学生票。&#x0A;&#x0A;早享卡：公众号“上海迪士尼度假区”购买，提前买99，当天买149，一定要买&#x0A;&#x0A;携带物品：身份证、手机、钥匙、钱包、移动电源、防晒物品等。&#x0A;&#x0A;着装建议：衣服不重要，鞋一定要舒服&#x0A;&#x0A;推荐项目：创极速光轮＞飞跃地平线＞小矮人矿车＞加勒比海盗（这四个一定要玩）&#x0A;&#x0A;烟花表演：晚上20点30开始，建议19点去米奇大街占位置！&#x0A;&#x0A;交通：建议虹桥火车站&#x2F;浦东机场。&#x0A;&#x0A;上海迪士尼度假区APP&#x0A;&#x0A;这个APP一定要提早下载好，因为你需要在上面抢FP（快速通行证），然后还可以看当天演出的时间表、实时的项目排队需要的时间以及当地图用。&#x0A;&#x0A;在过了第二道安检门以后，立马打开这个APP，扫码关联上你的门票，多人去的可以用一个手机创建游玩组，关联上所有人的票（好像最多5个），然后只要你抢到FP，所有人就都有FP。,2021-06-24 发布笔记
项目流程：&#x0A;七点到迪士尼检票口&#x0A;提前准备好你的健康码，迪士尼预约码，身份证&#x0A;进来先走左边-往创极速光轮跑&#x0A;基本不排队直接刷🪟极速光轮！&#x0A;然后背对极速光轮往左走刷-七个小矮人矿山车&#x0A;大概排15-20分钟&#x0A;然后面对七个小矮人矿山车往左走刷抱抱龙冲天赛车这时候大部队差不多正在进场&#x0A;奇想花园是必打卡的！网红热门城堡就在此！出片极高！&#x0A;生日月可以拿到专属生日徽章一枚，出示身份证给工作人员即可&#x0A;&#x20;&#x0A;还是非常推荐去迪士尼打卡的！,2021-06-24 发布笔记
去迪士尼玩最怕人山人海和排队，更何况带着两个宝宝千里奔袭迪士尼。奉上避开人群的攻略。&#x0A;1、入住迪士尼乐园酒店和玩具总动员酒店，从酒店快速通道优先入园。可以提前一小时入园。&#x0A;2、不住酒店的话推荐购买VIP票，大概一千多元，享受免排队快速入园，同时包含12个热门项目的快速通卡和烟花VIP位置，小朋友身高不超一米不需要买门票也能跟着父母享受快速通道。&#x0A;3、一家人出行的话，让爸爸带包，妈妈和小朋友直接走无背包安检通道也更省时间，进去先玩小朋友的专属项目，例如旋转蜂蜜罐（转转车）、小飞象（旋转飞机）幻想曲旋转木马等。&#x0A;4、在迪士尼快关闭的时间，也能拍到没有人的城堡。&#x0A;5、晚餐的饭点去踩点热门项目，例如创极速光轮，这时相对人最少。&#x0A;6、小朋友玩一定要先量身高再排队，别浪费时间。吃饭最好略微错开饭点，还能让小朋友在餐厅午睡一下。&#x0A;7、小朋友身高够的情况下，必玩项目：&#x0A;加勒比海盗！坐着船从海平面突然降入海底，看着远处的多艘轮船互相炮击，身临其境非常真实。&#x0A;飞跃地平线！乘坐热气球低空掠过地球上所有地标建筑，金字塔&#x2F;埃菲尔铁塔&#x2F;长城等，也非常逼真。&#x0A;8、可以放弃的项目：雷鸣山漂流，该项目坐船进一个漆黑的山洞后突然从瀑布上高速滑落，伸手不见五指的情况下只能听到巨大水声和此起彼伏的尖叫，对小孩子不友好，吓到做噩梦。&#x0A;年纪比较小的话建议放弃七个小矮人和矿车，我家3岁的小朋友直接吓傻了，可以玩玩其他人畜无害的游乐园项目。,2021-06-23 发布笔记
110以下的宝宝可以游玩哪些项目&#x0A;飞跃地平线（106cm）&#x0A;雷鸣山漂流（107cm）&#x0A;&#x0A;隐藏游戏：奇奇蒂蒂商店投投乐&#x0A;&#x0A;七个小矮人矿山车（97cm）&#x0A;&#x20;古迹探索营绳索挑战（106cm）&#x0A;&#x20;加勒比海盗沉落宝藏之战（无限制）&#x0A;&#x20;探险家独木舟（双脚着地即可）&#x0A;&#x20;巴斯光年星际营救（无限制）&#x0A;&#x20;太空幸会史迪奇（无限制）&#x0A;&#x0A;隐藏游戏：史迪奇投投乐&#x0A;&#x0A;&#x20;胡迪牛仔嘉年华（81cm）&#x0A;&#x20;小飞侠天空奇遇记（无限制）&#x0A;&#x20;维尼小熊历险记（无限制）&#x0A;&#x20;旋转蜂蜜罐（无限制）&#x0A;小飞象（无限制）&#x0A;&#x20;漫游童话世界（无限制）&#x0A;&#x20;弹簧狗团团转（无限制）&#x0A;&#x20;幻想曲旋转木马（120cm或以上可单独乘坐）&#x0A;晶彩奇航（无限制）&#x0A;&#x0A;&#x20;这两个时间请提前设好闹钟&#x0A;花车巡游时间：上午11:30和下午15:00&#x0A;烟花时间：晚上20:30,2021-06-23 发布笔记
上海迪士尼于2016年6月16日开幕，4月8日起开启了5周年模式，各种惊喜等着你，最近有计划去的可要抓紧时间啦&#x0A;·&#x0A;惊喜一:入园绑定APP&#x0A;·&#x0A;入园后在官方APP绑定门票，，就有机会获迪士尼朋友签名的岁生日庆典壁纸，还可能获得餐饮券，商品兑换券，景点优先体验券等优惠券&#x0A;·&#x0A;惊喜二:惊喜特派员&#x0A;·&#x0A;5周年开启后，随时可能在乐园遇到“惊喜特派员”，有机会获得5岁生日礼物&#x0A;·&#x0A;惊喜三:米奇米妮舞台秀(极速光轮处)&#x0A;·&#x0A;明日世界E空间·百事舞台将呈献至多四场奇妙秀，米奇米妮将盛装演出，迪士尼惊喜光轮也将由游客转动，&#x0A;·&#x0A;惊喜四:和迪士尼朋友自拍互动&#x0A;迪士尼朋友5周年新服饰，记得去找他们，拍照地点跟之前有所更换，若临时变更可以跟现场工作人员确认&#x0A;&#x0A;米奇&amp;米妮-米奇大街(M大街商店入口)&#x0A;高飞&amp;布鲁托-米奇大街(M大街商店侧面)&#x0A;唐老鸭&amp;黛丝-甜心糖果商店出口对面&#x0A;奇奇蒂蒂-米奇大街报摊&#x0A;星黛露&amp;杰拉多尼-甜心糖果商店出口&#x0A;可琦安-老车站商店门口&#x0A;达菲&amp;雪莉玫-老车站商店出口侧面&#x0A;奥乐米拉-部落丰盛堂&#x0A;维尼熊(噗噗)-百亩森林(森林百物商店入口对面)&#x0A;疯狂动物城-去往飞跃地平线的路上&#x0A;玩具总动员-艾尔玩具店入口对面&#x0A;·&#x0A;惊喜五:全新的“米奇童话专列”(花车)&#x0A;时间:15:15或45（当天一定要咨询），全新的花车将有超过四米高的5岁生日蛋糕，并播放由刘宇宁演唱的上海迪士尼5周年主题曲《奇妙的惊喜》&#x0A;·&#x0A;惊喜六:&#x20;全新夜光幻影秀(烟花)&#x0A;·&#x0A;5周年限定烟花&#x0A;烟花时间:20:00&#x2F;20:15&#x2F;20:30&#x2F;21:00&#x2F;21:15&#x0A;因为天气原因，时间会有变化，上面的时间，是任选其一，不是五个时间都有，因此入园后具体再跟工作人员确认一次，并时刻关注&#x0A;·&#x0A;惊喜七:5周年美食&#x0A;·&#x0A;各种美食像5周年款的米奇巧克力蛋糕，盲盒杯等&#x0A;·&#x0A;必玩推荐:&#x0A;·&#x0A;加勒比海盗&#x0A;虽然是观看的，但裸眼5D做的超真实，沉浸式效果极强，看2遍也不觉得过瘾&#x0A;·&#x0A;小矮人矿山车&#x0A;属于一个mini类型的小过山车，娱乐性观赏性都，也不会过于刺激，老少皆宜&#x0A;·&#x0A;抱抱龙冲天赛车&#x0A;类似于海盗船，但要相对比海盗船速度更快，幅度更大，失重感非常强，喜欢刺激项目的一定要打卡&#x0A;·&#x0A;极速光轮&#x0A;全程速度超级快，超级超级爽的一个项目，迪士尼必打卡项目,2021-06-23 发布笔记
交通：&#x0A;有两种交通方式，一种是大巴去浦东，离迪士尼比较近。一种是高铁到虹桥，但是坐2号线要一个半小时。有点累。建议来上海可以逛一天市中心再去迪士尼。&#x0A;住宿&#x0A;1、迪士尼酒店，单独入口入园，但是价格很高。&#x0A;2、民宿，比较近，有接送车一般。&#x0A;3、地铁站沿线，自己坐地铁。&#x0A;4、浦东附近酒店，酒店也有接驳车&#x0A;（我感觉民宿卫生不行，一般迪士尼附近的酒店都有接送的，很方便）&#x0A;门票&#x0A;迪士尼门票分淡季旺季，可以在迪士尼app上买，也可以携程上买，价格399-599不等。去之前下载个迪士尼app，排队时间和项目地图非常清楚。&#x0A;特殊服务及入园时间：&#x0A;迪士尼是一个可以花钱买服务的地方，简单讲三种常见的服务。&#x0A;1、早享卡，可以早一小时进去，大概100&#x2F;人。但是因为等到晚上看完烟花快九点多了，实在太累了，我不建议。&#x0A;2、买礼宾服务1200-1400&#x2F;人，包含八个热门项目烟花vip位置剧场演出一次提前座位，非常的舒服，就是贵。&#x0A;3、尊享卡，也就是单项或者几项的vip，我觉得蛮好的，90-180&#x2F;项目，排队60分钟以上的可以考虑的。&#x0A;我觉得八点多入园反而是人最多的时候，考虑到要玩一天太累了，我十点才到门口的，人就不多了。&#x0A;项目介绍：&#x0A;第一部分主要是娱乐设施，有些比较刺激的创极速光轮之类的，有些比较平缓的比如小飞象，我从入园开始逆时针玩的。玩了飞跃地平线、加勒比海盗、七个小矮人、爱丽丝、小熊维尼、旋转的蜜罐几个项目，吃完晚饭后去玩了雷鸣山漂流。项目不算多，但除了创极速光轮，其他热门项目都在了。（总体来说迪士尼的项目不是特别刺激，适合小朋友，和环球影城还是差距太大）&#x0A;第二部分是迪士尼剧场，一般有三个主题，每天有很多场，选择一场即可，我选择了下午三点这样的冰雪奇缘。这个app上也有时间的。&#x0A;第三部分就是烟花了，迪士尼会根据当日的情况，安排一场或者两场烟花，烟花最好提前一小时去抢位子，虽然很累，但是最近周年庆烟花真的很赞。&#x0A;第四部分就是商店啊，卡通人物，花车巡游，可以拍拍照什么的，迪士尼整体还是很漂亮的。&#x0A;注意事项：&#x0A;如果想刷完所有项目，肯定是很累的。&#x0A;我已经比较佛系了，一天还走了两万步。&#x0A;园区内东西很贵，但是自带东西很累，又是个选择题了。&#x0A;我的建议是早饭吃饱，中午体验园区内的小吃，下午四点这样去迪士尼小镇吃晚饭顺便休息一下，错开高峰期。（迪士尼小镇就在入口处，保存好门票可以进出的）,2021-06-23 发布笔记
炎热夏天来迪士尼对大人来说都是一种考验跟别说孩子做好攻略尤为重要。再此分享下宝妈一个带娃来迪士尼游玩的经验。&#x0A;早上入园后跟摄影师碰面后，带你租辆童车一天下来解放双手不用抱着娃到处跑[捂脸R]。拍照第一个地点&#x20;#米奇大街[地点]#两边有很多迪士尼主题橱窗非常适合孩子拍摄。作为迪士尼必打卡的地点&#x20;#奇想花园[地点]#在城堡正前方来张亲子照真的很赞[ThumbsUp][ThumbsUp]拍完这两个地方相信您的孩子一定吵着不要拍摄了，要去玩了。玩项目小朋友是有身高限制的摄影师会推荐您的孩子能玩什么和不能玩什么，给你安排到指定的位置全程等待您游玩结束。大概刷玩一两个项目，到了中午时间会给您安排到花车的观看位置，体验全世界最快乐的氛围。看完花车中午吃饭和孩子午休时间，休息两个小时带您继续游玩项目。一定要带孩子到&#x20;#迪士尼皮克斯玩具总动员[地点]#那里有属于孩子的快乐。弹簧狗和牛仔嘉年华都是孩子比较喜欢玩的项目。玩到晚上在城堡前方观看一场梦幻的烟花灯光秀&#x0A;度过快乐的一天,2021-06-22 发布笔记
划重点：阴雨天&#x0A;我们去的那天是雷阵雨天气，时不时就天降大雨，所以下午三点钟之后，园内的人就很少了，但阴雨天也是好坏参半的——&#x0A;&#x0A;阴雨天好处：&#x0A;1、人少；2、凉快&#x0A;坏处：&#x0A;游行花车会减少、鸭鸭在大风天不会出来[Cry]&#x0A;&#x0A;第二重点：时间安排&#x0A;早晨要早一点到达，抢到几个热门项目的快速通行证，我们是八点钟之前到达园内的，但这个时候最大的热门“飞跃地平线”已经被抢空。&#x0A;&#x0A;裂墙推荐：&#x0A;下午五点钟左右去排加勒比海盗，人会比较少，而且这个大项目非常好玩！&#x0A;&#x0A;其实排队时间短还有一个最主要原因是：我们没有玩飞跃地平线啦，因为那个项目如果拿不到FP的话，听说最少要排两个小时，但其他的项目也都很精彩的呀！,2021-06-21 发布笔记
&#x0A;hhhhh&#x20;懒到上个月去的迪士尼&#x0A;这个月快月底了才翻出照片来加工一下&#x0A;&#x0A;冒着电闪雷鸣大暴雨看烟花应该也是没谁了&#x0A;佛系入园玩玩拍拍&#x20;所以起的不算早&#x20;也没有买早享卡&#x20;反正一整天也刷不完全部项目&#x20;不如玩的开心就行~&#x0A;&#x0A;到门口的时候差不多8.30&#x20;检票队伍已经很长了~&#x0A;想多刷几个项目并且能起早的朋友&#x20;还是可以考虑一下买个早享卡毕竟能早1小时入园~&#x0A;&#x0A;看了很多攻略都说进门往右冲&#x0A;但我们检完票打开地图飞跃地平线已经是150分钟，果断放弃，然后就往左先去创了。&#x0A;排抱抱龙的时候来了一个大雨把所有室外项目都给整停了[SpeechlessUU][SpeechlessUU]于是我俩转头去了疯蜜罐~&#x0A;疯蜜罐结束了天晴了[PuzzleUU][PuzzleUU]&#x0A;&#x0A;注意&#x0A;并不是每天都有两场花车和两场烟花的~&#x0A;我们去的那天就只有一场花车和烟花~&#x0A;然后基本上6点左右大家就已经在湖边抢位置看烟花了&#x0A;不确定时间的可以入园当天问一下工作人员，都会告诉你&#x0A;&#x0A;万幸的是整个下午都是晴天&#x0A;拍到了好看的城堡还有迪士尼的小朋友们&#x0A;简直不要太可爱啦~&#x20;击中老夫的少女心！！！hhhhhh&#x0A;然后噗噗还会在巡游的时候跳舞~&#x20;qiao可爱&#x0A;&#x0A;&#x0A;因为我们没有特地去占位看烟花，而是非常佛系的去玩了旋转木马，因为木马那里夜景真的太好拍了！必去！！！&#x0A;然后木马结束下来差不多是21.10&#x0A;一直有闪电外加开始飘雨&#x0A;广播提醒：灯光秀时间推迟&#x0A;就在！！就在聚集的人群开始散去时~&#x0A;砰~砰~砰~&#x20;暴雨烟花&#x20;它来了…[FrightenUU]&#x0A;然后我俩铁憨憨没有伞！&#x0A;就这么倔强的在雨中看完hhhhhh…&#x0A;&#x0A;so…本次我们开到的5周年奇妙惊喜是：&#x0A;电闪雷鸣大暴雨中的烟花秀&#x0A;(大概是二十几年来淋过zui大的雨)&#x0A;但真的好满足好开心好治.愈[CoolGuy],2021-06-20 发布笔记
玩上海迪士尼乐园之前我就做了许多攻略！&#x0A;.&#x0A;住宿是很重要的&#x0A;.&#x0A;名叫：【上海三舍·说时依旧设计师度假别墅】&#x0A;一晚优惠下来300就可以搞定啦！&#x0A;.&#x0A;这家民宿含迪士尼接送，7:00-9:00还提供早餐&#x0A;房东和管家超级贴心，去迪士尼也只有10分钟车程。&#x0A;.&#x0A;民宿有个很大的院子，里面每天都换水的泳池。&#x0A;旁边还有一片西瓜地，如果有闲情逸致还可以和房东说下去采摘～&#x0A;.&#x0A;妥妥的农家乐体验感，但装修风格又特别的ins风&#x0A;.&#x0A;民宿的楼是白色的，拍照超级好看。&#x0A;院内还有月牙状的秋千椅子，和一只可爱的小狗狗&#x0A;.&#x0A;在繁忙的上海的也有这一片节奏慢的地方，&#x0A;不管是周末节假日过来，还是旅行来这里都是很好的选择～&#x0A;.&#x0A;房间基本30平左右，床单一客一换很干净。&#x0A;.&#x0A;院内有洗衣机，也很方便洗衣晾在外面的晾衣杆上&#x0A;而且老板和管家小姐姐都是随时有问题随时解决的！&#x0A;.&#x0A;关于交通，民宿打车10多块就可以到川沙地铁站。&#x0A;需要买吃的或者生活用品也可以在川沙的购物中心购买。&#x0A;.&#x0A;下次二刷上海迪士尼还会来住这家的！,2021-06-19 发布笔记
&#x0A;迪士尼自疫情稍有缓解后，就又开始了没有淡季，只有旺旺季和旺季的节奏，哪怕雨天人都不少。不愿意早起，每次都是下午才去迪士尼的佛系麻麻，单挑带娃，经常纠结于只有半天时间，到底是刷项目，还是给娃拍美照呢？&#x0A;&#x0A;这次挑战旺季不到5个小时(下午3点45入场，8点半离场)，项目和拍照兼顾。&#x0A;最终战果：&#x0A;游玩看花车4个项目，以及收获照片如图，路线如下：&#x0A;花车巡游：3点45开始，玩具总动员区域出发，大概快4点才会开到旋转木马区，后面以此类推，3点45入园刚巧赶上。&#x0A;&#x0A;加勒比海盗沉沦宝藏：趁花车没散场，赶紧跑到宝藏湾区域，此时加勒比海盗、探险家独木舟都只需排队20分钟，选一个游玩即可。&#x0A;宝藏湾区域的小房子拍照都是极好的，没人又童话。&#x0A;路上遇到小矮人矿山车，带娃停下来看矿车飞驰而过，也可以趁机拍照。&#x0A;&#x0A;旋转蜂蜜罐：排队15分钟，小小朋友必玩。&#x0A;随后逛到玩具总动员区域，这里非常适合小朋友拍照，超多可爱的元素当背景，胡迪牛仔，粉粉嫩嫩草莓熊，小马红心，艾尔玩具城门口的小鸡，抱抱龙等等。&#x0A;玩具盒欢宴广场，现在暂停营业，只有一些在此休息的游客，草莓熊主题的大型拼图背景，是绝佳的拍照地，可爱卡通的造型也能调动娃的兴趣，互动感满满。&#x0A;&#x0A;巴斯光年星际营救：排队10分钟，由于最近把玩具总动员4部全都看完了，对里面人物剧情都很熟悉，这个项目玩起来更有意思了。&#x0A;此时创极速光轮也只需20分钟，大宝宝可以选择玩这个。&#x0A;&#x0A;乐园的灯光逐渐点亮，城堡变更更加梦幻，以城堡为背景也可以拍张美美的照片&#x0A;&#x0A;雷鸣山漂流：此时7点30分，游客们大多已经开始为烟花表演占位子，漂流只排队30分钟，娃在两者间选择了漂流。&#x0A;玩好离园时刚好8点半，远远的看了几眼烟花安心回家。&#x0A;&#x0A;每周日下午往往比周六人相对少一些，所以年卡宝宝们非常推荐周日半天游&#x0A;&#x20;尤其夏季，天黑得晚，可以将傍晚的时间利用得更充分。,2021-06-14 发布笔记
上海迪士尼乐园｜带萌娃必去打卡&#x0A;&#x0A;【游玩攻略】&#x0A;：首先要下载上海迪士尼度假区APP&#x0A;这个APP可以帮助我们，确定开园闭园时间，领取预约等候卡，查看所有项目的实时排队时间，查看所有表演的演出时间。&#x0A;&#x20;一定要看一下当天幻影灯光秀（&#x20;俗称：烟花表演&#x20;）的时间！这将决定能在园子里最迟玩到什么时候！&#x0A;&#x0A;&#x20;开园时间是早8:30&#x20;-&#x20;晚8:00，幻影灯光秀平时只有一场，灯光秀意味着乐园即将结束运营，各种项目会陆续关闭。&#x0A;如果遇上庆祝日，灯光秀就可能有两场，那么乐园结束的时间就会推迟。&#x0A;比如6月，是迪士尼的开园纪念月，晚8:00和9:15各有一趟灯光秀，晚上可以玩到9:30再走。&#x0A;&#x0A;&#x20;预约等候卡：&#x0A;乐园四大热门项目「雷鸣山漂流」「小飞侠天空奇遇」「七个小矮人矿山车」「创极速光轮」，在10:30至15:30之间，仅开放给领取到预约卡的游客玩，没有预约卡的可以在这段时间的前后去玩。&#x0A;每天乐园会依据入园人数来计划是否发放预约等候卡，如果乐园不发放预约等候卡，那么恭喜你，今天人少！&#x0A;预约等候卡是限量的，没有抢到也不要紧，预约卡和以前的快速通行证的性质完全不同，只是乐园错峰的一种手段。&#x0A;&#x0A;&#x20;APP里暗藏惊喜：&#x0A;有抽奖活动，运气好的话可以抽到类似于（快速通行证），运气不好的话只能抽到迪士尼朋友的签名照。&#x0A;&#x0A;&#x20;计划带小朋友玩的，一定要先在APP里看一下各个项目的身高限制，再定攻略。&#x0A;迪士尼有身高限制的项目：&#x0A;「翱翔&#x20;-&#x20;飞跃地平线」102cm&#x0A;「雷鸣山漂流」107cm&#x0A;「七个小矮人矿山车」97cm&#x0A;「抱抱龙冲天赛车」120cm&#x0A;「胡迪牛仔嘉年华」80cm&#x0A;「创极速光轮」122cm&#x0A;「喷气背包飞行器」112cm&#x0A;「探险家独木舟」坐在船上双脚可以着地才能玩。&#x0A;&#x20;花车有两场，看一场就行，花车时大家都会聚在米奇大街，这个时候也是刷项目的好时机。&#x0A;夜光幻影秀（&#x20;烟花表演&#x20;）：一般是&#x20;20:00&#x20;开场，在城堡正前方，建议提前一小时去占位置～&#x0A;位置很重要。&#x0A;好位置大家都会坐在地上安安稳稳地看，不仅舒服，还能把水幕、投影、灯光、烟花都看清。&#x0A;差位置大家为了看清都站着，甚至垫着脚，累而且可能只能看到城堡尖尖。今年6月16是乐园5岁生日，从4月开始，城堡的幻影灯光秀升级为了全新的「奇梦之光幻影秀」。&#x0A;水晶城堡绝美！！！！！！,2021-06-12 发布笔记
6.4进的上海迪士尼，门票399，礼宾1450一位（包括早享入园、游乐设施8项快速通道、一场花车预留位、一场烟花预留位）。&#x0A;当天行程:&#x0A;入园时间:7点30&#x20;。礼宾入园地点在迪士尼小镇什么大剧院那，先用身份证兑换门票和礼宾票，兑换完会有工作人员讲解礼宾服务并且给你一张地图，然后就可以入园啦！&#x0A;这会园内人还不是很多，能看到大家都在跑，我和朋友为了有的项目能二刷于是也跟着跑，现在回想一下真没必要，项目刷一遍其实真真就够了，趁着人不多不如去城堡前多照点相片，遇到卖气球的也赶紧照，后来人多了在哪照相背景都是人。&#x0A;上午游玩顺序:&#x20;飞跃地平线，加勒比海盗（没用礼宾），小矮人矿山车，抱抱龙，胡迪牛仔嘉年华。&#x0A;玩完以上这些正好10点，为了错开中午饭点我们就去迪士尼小镇吃饭啦，这会去吃饭因为餐厅刚开门还都没有人，吃完还不到11点，去小镇的迪士尼世界商店购个物，话说星黛露挂件是真难买。逛完商店11点半，入园就去花车预留位等花车游行啦～&#x0A;关于花车礼宾预留位:&#x20;我购买的经典礼宾，当天的预留位安排的是12点多那场花车的，其实不用太早到，大家基本都在第一排站着，而且我感觉礼宾预留的位置观感不是很好，&#x20;图2红色部分都是礼宾预留位，我的位置在一个拐弯处，因为被侧边的人挡着，花车从远处过来的时候我是看不到的，只有到跟前了才能看到，观感不如对面的普通位置好。礼宾预留位有很长很长的一排，也可能是我没选好位置，买礼宾的朋友一定要注意这一点。&#x0A;看完花车还不到13:00。&#x0A;下午游玩顺序:&#x20;小飞侠，加勒比海盗，雷鸣山漂流，杰克船长之惊天特技大冒险，创极速光轮。下午基本上是边玩边吃边逛商店。&#x0A;17:30去迪士尼小镇吃晚饭。吃完回园内等待20:15分的烟花秀。&#x0A;关于烟花秀预留位:&#x20;烟花秀的礼宾预留位是从后往前安排座位的，就是你到的越早，进去坐下的位置可能就越靠后，看图3，红色是预留位，位置安排根据你到的时间从1到5这样安排位置，先到就做到1位置，最后到的都在5位置。（但是入园时工作人员会建议你越早到预留位越好我觉着真没必要，坐地上还挺累的）&#x0A;看完烟花刷了最后一项设施晶彩奇航。&#x0A;行程结束。&#x0A;关于购物:&#x20;迪士尼小镇的世界商店东西比较全，会有年卡用户主动问你需不需要9折代买，没有主动问你的你就找一找。&#x0A;&#x0A;迪士尼游乐设施推荐&#x0A;&#x0A;&#x0A;游乐设施推荐:&#x0A;一定要玩:&#x20;创极速光轮（一定要睁眼，别因为害怕闭眼睛）&#x20;加勒比海盗（第一排观感不是很好，能看到屏幕和水面分界线）&#x0A;可以玩:&#x20;抱抱龙（太太太太刺激，坐最后一排体验一下小矮人矿山车&#x20;飞跃地平线（尽量和工作人员要求坐第一排）&#x0A;可玩可不玩:&#x20;雷鸣山漂流（不刺激，一顿转悠）&#x0A;小朋友梯队:&#x20;胡迪牛仔嘉年华&#x20;小飞侠&#x20;晶彩奇航&#x20;小熊维尼&#x20;（对于成年人这些可做为歇脚项目）&#x0A;别玩:&#x20;喷气背包飞行器,2021-06-07 发布笔记
地址：上海市浦东新区川沙新镇上海迪士尼度假区&#x0A;&#x20;乘坐地铁11号线到迪士尼站下，步行580米可达&#x0A;门票：成人357元起&#x20;儿童299起&#x20;老人299起&#x0A;开园时间：08:30--21:30&#x0A;带娃的家长建议一定要租一辆推车，90元一天&#x0A;&#x0A;建议，一定要做好攻略，了解先玩的项目还有路线&#x0A;一定要带上充电宝，毕竟要一直拍拍拍[Chukle]&#x0A;因为去的时候正好是万圣节，所以园区内的很多摆设都是关于万圣节的南瓜头，还有来的&#x0A;特定的节日迪士尼会有不同的设计内容&#x0A;&#x0A;对对对，还有一件最重要的事情就是:&#x0A;一定要下载上海迪士尼的官方APP&#x0A;可以查到各项目的需排队大约时间，可以快速选择下一个游玩的项目，不会浪费多余的时间&#x0A;&#x0A;如果入园比较晚的话，快速通道的票抢不到，可以选择另外购买&#x0A;买快速入园的票也是可以的，这样可以提早入园，玩更多的项目&#x0A;园区里我觉得最刺激的游玩项目有：飞跃地平线，创极速光轮，雷鸣山漂流，七个小矮人过山车&#x0A;还有很多场可观看的演出，最推荐的是加勒比海盗的&#x0A;有两场全园的花车游行，分别在中午十二点和下午&#x0A;三点，如果下雨天会取消&#x0A;每天晚上还有烟花展，城堡前的一大片空地上，旋转木马边，是最佳的观赏地,2021-06-07 发布笔记
门票:&#x20;342&#x20;工作日携程购买95折优惠价&#x0A;[Happy]&#x0A;排队最长项目:&#x20;飞跃地平线，强烈建议去过世界之窗的不要玩这个项目，和世界之窗里是一样的，体验一般。&#x0A;[Laugh]&#x0A;建议入园首选项目：小矮人矿山车，雷鸣山漂流，抱抱龙飞天赛车。这三个项目需要等待的时间居高不下，就算等到晚上，可能依然还要一个多小时，不如早点体验，把时间留给其他。&#x0A;[Cute]&#x0A;入园必体验时间好安排项目：极速光轮，加勒比海盗。这两个项目必体验，不过不用着急一进园就去体验。因为下午和晚上这两个项目的等待时间会变短，甚至晚上还能二刷三刷，所以建议放后面。&#x0A;[Askance]&#x0A;自拍打卡：在旋转木马前面的购物区域附近有好几个点，下午会有比如唐老鸭等其他人物可以一起合照，不过合照也是要排队的。建议选一个自己最喜欢的人物合影留念就行了。&#x0A;[TeaDrinker]&#x0A;吃饭：推荐加勒比海盗旁边的那家餐厅，套餐肉很足。自己最好带一个保温杯可以接水，不要带玻璃杯。小零食也可以带一些。&#x0A;[Idea]&#x0A;住：地铁11号线沿线都可以哒，个人觉得距离迪士尼地铁路程1小时内都是可以考虑的。,2021-06-06 发布笔记
在工作日去的迪士尼，人还好，不是很多，飞行影院还会排很长的队，整个园区很大，很好玩，拍照很好看，真的感觉又回到了童年，演出真的很好看，去这里有专门的地铁线很方便，在携程买票也很方便，便宜，以后有小孩再带小孩去。,2019-10-23 发布点评
很不错，表演非常的盛大，非常的吸引人的眼球，但是最近一情期间都没有在表演了,2020-07-29 发布点评
很棒的主题乐园，特别适合亲子点赞,2020-12-30 发布点评
去的时候加勒比海盗维修，真是太遗憾了，烟花表演非常棒，飞跃地平线感觉很震撼玩了2次，11月末人不多，用官方app领取快速通行证都能走完，很方便，用不着花钱买快速通行证,2019-12-02 发布点评
每个景点都让人流连忘返，飞跃地平线和漂流是必须要玩的，另外要穿舒适的鞋子，路程很累，但每一步都很快乐，如果带孩子游园内也可租车，很方便，总之带上快乐的好心情，粗发吧,2019-12-04 发布点评
上海迪士尼乐团会定时举行演奏，演奏效果非常不错，大家都很喜欢。,2020-05-16 发布点评
一群有水准的艺术家👩‍🎨，艺术水平较高，值得花时间欣赏。,2020-11-20 发布点评
上海的迪士尼乐园这边啊，其实还是很值得去玩的一个地方啊，唯一有点遗憾的就是说，嗯，对于这个我们远在郊区的同志啊，去一次费用很高，而且平时还确实没时间去，一般去的时候都得是十一五一我天哪，然后这种节假日人又特别多，这个是有点儿小郁闷啊。,2019-11-06 发布点评
观看乐团的表演是让人愉悦的，可以看各种国家的风情。,2020-05-27 发布点评
乐团是上海迪士尼度假区里的动漫人物巡游展示。,2020-08-16 发布点评
非常非常不错，小朋友们游玩的向往的地方。,2020-12-03 发布点评
去年的上海迪士尼乐园之旅还记忆如新，已经在为今年再一次去上海做准备，春天的迪士尼乐园还是不错的，遇见了个好天气，从早上到晚上没有下雨，由于去的时候是旺季，能够玩了十个项目已经不错了，期待下一次再去上海迪士尼度假区！,2019-04-03 发布点评
我的第4350条点评献给迪斯尼乐园啦~&#x0A;三月的最后一天，二刷迪斯尼，虽然人很多但是开心的哟~&#x0A;早上六点就醒了，反正第一批进去也是赶不上了，多悠悠地去吧~&#x0A;九点前进的，安检人多得来……果然周六是人最多的一天！&#x0A;一入园就在app上拿了雷明山的fp，然后去七个小矮人矿山车排队。&#x0A;90分钟啊……上之前以前想嘘嘘很久了，忍着坐完给自己点赞orz~&#x0A;下来后立马奔厕所-&#x20;-然后少女心的老公要吃米奇头冰淇淋，好吧，总归要尝试一次的咯，连个座位都找不到，人太多！&#x0A;接着就去船奇戏水滩玩耍，反正这个区域没来过，来看看呗~&#x0A;古迹探索营喜欢的呀！可惜没开放，随便逛逛也能发现新大陆。&#x0A;趁着巡游，准备去小镇吃饭，老车站商场逛一圈，星黛露看一圈，出发！&#x0A;快乐柠檬dondonya都要小排队一会儿。下午进场人也很多，还碰到了安检要吵架的，无语！&#x0A;玩雷鸣山的时候又要上厕所了醉了，还好不惊险有点小爽！&#x0A;出来的时候正好赶上加勒比海剧场哈！完美！&#x0A;随便逛逛去了明日世界，和史迪奇见个面嘻嘻~&#x0A;离开前去了帕帕里诺，星黛露限定真的一言难尽！千万别尝试！&#x0A;迪斯尼每周见哈！,2018-04-02 发布点评
迪士尼乐园早8点开园，如果住乐园酒店或玩具总动员酒店是可以走快速入园通道并提前15分钟入园的，入园时不可以带任何食物，所有的包包都是要打开检查的，可以带不超过600ml的水。进园之后一定要马上关联门票以便领到快速通行证。一些大型的项目除了有快速通道还有单人通道&#x20;能比正常排队快一些，七个小矮人矿山车和宝藏湾海盗船&#x20;孩子和老公都不坐都是我一个排队节省了不少时间。如果是带小孩的话建议买一个乐拍通&#x20;孩子照相多&#x20;&#x20;照相的师傅照的错哦&#x20;一天的照片都可以下载,2018-03-25 发布点评
上海度假区版的商铺有点做工及样式不如陆家嘴的迪斯尼旗舰店。价格偏高。没有折扣。还是喜欢去正大旗舰店购物。乐园的排队和项目其实人少的时候还是蛮好的。不像评论那么差。园区里面吃的也很美味。比如玉米热狗肠薄荷酸梅汤以及米奇大街上的现磨咖啡,2016-09-10 发布点评
很不错的选择，朋友很喜欢，以后还会去！,2020-12-06 发布点评
这个节目真是不错啊，非常喜欢晚上的烟火,2020-11-23 发布点评
晚上去夜景很漂亮，那里还有好多好吃的。,2020-10-23 发布点评
这地方很好玩，带孩子老婆去玩的地方首选,2020-09-28 发布点评
迪士尼乐园里面的一个乐团，很有异域风格,2020-06-12 发布点评
很好的地方，就是价格太贵了，很难趁手,2020-05-28 发布点评
好！！！！！！！！！！！！！！！！,2020-12-02 发布点评
园区很大，项目很多，游客也蛮多的。,2020-11-22 发布点评
最想看的就是夜晚的烟花秀美不胜收,2020-11-27 发布点评
非常值得一去，周边有迪士尼小镇，购物餐饮都很方便！现在还有万圣节主题，万圣节图案的门票，真是太好玩了！太好看了！不给糖，就捣蛋，穿上你的异装，快来玩吧！,2019-10-03 发布点评
这个上海迪士尼乐园过瘾，享受。,2020-12-05 发布点评
不论周末还是平时都超级多的人。,2020-05-26 发布点评
表演很不错，孩子们都很喜欢……,2020-05-08 发布点评
&#x0A;&#x0A;这次正好赶上迪士尼5周年庆典，这也是我第一次去迪士尼，去之前看了很多攻略发现无论如何都要安排一个尊享卡&#x0A;&#x0A;一.我们提前预订了飞机票和门票，门票我们是在携程旅行网上买的2日票660元&#x0A;&#x0A;&#x0A;二.&#x20;关于迪士尼的尊享卡和礼宾服务的区别&#x0A;切记！不要去找黄牛！因为黄牛都是扯淡！确定好你们迪士尼的行程安排，在你买完门票入园的前7天去携程旅行网上找到礼宾服务就可以购买！需要提前买哦，不然数量有限，容易卖光！如果想当天去现场买礼宾一定卖光了！然后讲讲区别—&#x0A;&#x0A;1.尊享卡是指定几个项目的快速通行证，享受优先通道，平日的话8项大热门的价格应该在900左右，节假日在1000元左右。单纯的就是热门项目的快速通行，不含门票也没有其他的服务～&#x0A;&#x0A;2.但是礼宾服务的话，不仅仅包含了尊享卡，还有尊享通道快速入园+8项快速通行+花车还有烟花的双vip预留专享位置还有专门的礼宾专线+火鸡腿快速取餐+餐饮8折！礼宾价格方面，平日我定的包含8项快速通行的是1200，12项的是1600。节假日可能会稍微有涨幅！&#x0A;&#x0A;3..给你们讲讲为啥礼宾服务超级值！&#x0A;首先就是不累！其次花车烟花不用提前占位置，剩下的时间玩玩别的不香吗！&#x0A;&#x0A;还有礼宾专享的皇家宴会厅8折！我们吃饭省下来的钱就400多！这一下就回本了哈哈哈！还有就是去迪士尼小镇的华特大剧院来兑换礼宾服务的时候，会有专业的礼宾人员来给你定制线路和讲解并且会给你一个电话有什么问题可以联系她。然后拿着礼宾卡和门票就可以从侧门的vip通道进入园区啦！很方便！&#x0A;&#x0A;Tips：就是如果想去城堡里面的皇家宴会厅用餐的话，一定打电话提前约好位置不然是进不去的哟～,2021-06-14 发布笔记
生日当天去的&#x20;游客中心领了免费的生日徽章&#x20;一路上工作人员看到了都跟我打招呼&#x20;设施非常新&#x20;园区非常干净&#x20;园区的食物价格也没想象中那么高完全可以接受&#x20;各种周边玩具也特别可爱&#x20;花车巡游很好看&#x20;夜晚的烟花秀也很美&#x20;玩的特别尽兴&#x20;期待下一次再来～,2019-07-10 发布点评
非常值得一去！即使人再多，游乐区排队等候时间长，但仅仅是看看，也能让你心满意足！场内工作人员很多也很热情，并没有人走垃圾满地留场景。干净优美，充满活力的童话世界，非去不可！,2017-04-04 发布点评
